sample_id,filename
H2408,b1_batch.exe
H2409,e1_note_only.exe
H2410,e28_prep_only.exe
H2411,e2_wallpaper_only.exe
H2412,e4_shadow_only.exe
H2413,f0_all.exe
H2414,f1_documents.exe
H2415,f2_media.exe
H2416,f3_executable.exe
H2417,g0100.exe
H2418,g0500.exe
H2419,g1500.exe
H2420,m1_inplace.exe
H2421,m2_copydel.exe
H2422,m2_nocrypt.exe
H2423,m3_rename.exe
H2424,m4_manytoone.exe
H2425,m5_drop.exe
H2426,m6_crypto.exe
H2427,m7_wipe.exe
H2428,m8_keep.exe
H2429,m9_move.exe
H2430,r1_rename_only.exe
H2431,r1_replace_name.exe
H2432,s1_decoys.exe
H2433,s2_progfiles.exe
H2434,s3_walkroot.exe
H2435,stage1.exe
H2436,stage2.exe
H2437,stage3.exe
H2438,stage4.exe
H2439,stage5.exe
H2440,stage6.exe
H2441,stage7.exe
H2442,t0_burst.exe
H2443,t1_spread.exe
H2444,t2_batch.exe
H2445,tool_7z_delete.exe
H2446,tool_7z_keep.exe
H2447,tool_7z_perfile.exe
H2448,tool_acl.exe
H2449,tool_acrobat.exe
H2450,tool_apps.exe
H2451,tool_attrib.exe
H2452,tool_backup.exe
H2453,tool_certutil.exe
H2454,tool_chrome.exe
H2455,tool_cipher.exe
H2456,tool_compact.exe
H2457,tool_defender.exe
H2458,tool_findstr.exe
H2459,tool_ie_wmp.exe
H2460,tool_media.exe
H2461,tool_open_docs.exe
H2462,tool_ps_zip.exe
H2463,tool_robocopy_cp.exe
H2464,tool_robocopy_mv.exe
H2465,tool_session.exe
H2466,tool_shell_rename.exe
H2467,tool_taskkill.exe
H2468,tool_xcopy.exe
H2469,v010.exe
H2470,v050.exe
H2471,v100.exe
H2472,v200.exe
H2473,v999.exe
H2474,w_progfiles_read.exe
H2475,x_full.exe
HN23652,accesschk64.exe
HN23653,accesschk.exe
HN23654,AccessEnum.exe
HN23655,ADExplorer64.exe
HN23656,ADExplorer.exe
HN23657,ADInsight64.exe
HN23658,ADInsight.exe
HN23659,adrestore64.exe
HN23660,adrestore.exe
HN23661,Autoruns64.exe
HN23662,autorunsc64.exe
HN23663,autorunsc.exe
HN23664,Autoruns.exe
HN23665,Bginfo64.exe
HN23666,Bginfo.exe
HN23667,Cacheset64.exe
HN23668,Cacheset.exe
HN23669,Clockres64.exe
HN23670,Clockres.exe
HN23671,Contig64.exe
HN23672,Contig.exe
HN23673,Coreinfo64.exe
HN23674,CoreinfoEx64.exe
HN23675,Coreinfo.exe
HN23676,CoreinfoEx.exe
HN23677,dbgview64.exe
HN23678,dbgviewcli64.exe
HN23679,dbgviewcli.exe
HN23680,Dbgview.exe
HN23681,Desktops64.exe
HN23682,Desktops.exe
HN23683,diskext64.exe
HN23684,diskext.exe
HN23685,Diskmon64.exe
HN23686,Diskmon.exe
HN23687,DiskView64.exe
HN23688,DiskView.exe
HN23689,du64.exe
HN23690,du.exe
HN23691,efsdump.exe
HN23692,FindLinks64.exe
HN23693,FindLinks.exe
HN23694,handle64.exe
HN23695,handle.exe
HN23696,hex2dec64.exe
HN23697,hex2dec.exe
HN23698,junction64.exe
HN23699,junction.exe
HN23700,ldmdump.exe
HN23701,Listdlls64.exe
HN23702,Listdlls.exe
HN23703,LoadOrd64.exe
HN23704,LoadOrdC64.exe
HN23705,LoadOrdC.exe
HN23706,LoadOrd.exe
HN23707,logonsessions64.exe
HN23708,logonsessions.exe
HN23709,movefile64.exe
HN23710,movefile.exe
HN23711,ntfsinfo64.exe
HN23712,ntfsinfo.exe
HN23713,pendmoves64.exe
HN23714,pendmoves.exe
HN23715,pipelist64.exe
HN23716,pipelist.exe
HN23717,portmon.exe
HN23718,procdump64.exe
HN23719,procdump.exe
HN23720,procexp64.exe
HN23721,procexp.exe
HN23722,PsExec64.exe
HN23723,PsExec.exe
HN23724,psfile64.exe
HN23725,psfile.exe
HN23726,PsGetsid64.exe
HN23727,PsGetsid.exe
HN23728,PsInfo64.exe
HN23729,PsInfo.exe
HN23730,pskill64.exe
HN23731,pskill.exe
HN23732,pslist64.exe
HN23733,pslist.exe
HN23734,PsLoggedon64.exe
HN23735,PsLoggedon.exe
HN23736,psloglist64.exe
HN23737,psloglist.exe
HN23738,pspasswd64.exe
HN23739,pspasswd.exe
HN23740,psping64.exe
HN23741,psping.exe
HN23742,PsService64.exe
HN23743,PsService.exe
HN23744,pssuspend64.exe
HN23745,pssuspend.exe
HN23746,RAMMap64.exe
HN23747,RAMMap.exe
HN23748,RegDelNull64.exe
HN23749,RegDelNull.exe
HN23750,regjump.exe
HN23751,ru64.exe
HN23752,ru.exe
HN23753,sdelete64.exe
HN23754,sdelete.exe
HN23755,ShareEnum64.exe
HN23756,ShareEnum.exe
HN23757,ShellRunas.exe
HN23758,sigcheck64.exe
HN23759,sigcheck.exe
HN23760,streams64.exe
HN23761,streams.exe
HN23762,strings64.exe
HN23763,strings.exe
HN23764,sync64.exe
HN23765,sync.exe
HN23766,tcpvcon64.exe
HN23767,tcpvcon.exe
HN23768,tcpview64.exe
HN23776,tcpview.exe
HN23777,vmmap64.exe
HN23778,vmmap.exe
HN23779,whois64.exe
HN23780,whois.exe
HN23781,Winobj64.exe
HN23782,Winobj.exe
HN23783,du64.exe
HN23784,sigcheck64.exe
HN23785,strings64.exe
HN23786,streams64.exe
HN23787,sigcheck.exe
HN23788,Contig64.exe
HN23789,Contig.exe
HN23790,sdelete64.exe
HN23791,sdelete.exe
HN23792,sdelete64.exe
HN23793,du64.exe
HN23794,du.exe
HN23795,accesschk64.exe
HN23796,FindLinks64.exe
HN23797,ru64.exe
HN23798,ru.exe
HN23799,handle64.exe
HN23800,Listdlls64.exe
HN23801,psloglist64.exe
HN23802,doc_0002.docx
HN23803,doc_0001.rtf
HN23804,doc_0000.txt
HN23932,s_ps1_copydel_desktop_all.ps1
HN23933,doc_0000.docx
HN23934,doc_0001.docx
HN23935,doc_0002.docx
HN23936,doc_0003.docx
HN23937,doc_0004.xlsx
HN23938,doc_0005.xlsx
HN23939,doc_0006.xlsx
HN23940,doc_0007.xlsx
HN23941,doc_0008.pptx
HN23942,doc_0009.pptx
HN23943,doc_0010.pptx
HN23944,doc_0011.csv
HN23945,doc_0012.csv
HN23946,doc_0013.csv
HN23947,doc_0014.rtf
HN23948,doc_0015.rtf
HN23949,doc_0016.rtf
HN23950,doc_0017.txt
HN23951,doc_0018.txt
HN23952,doc_0019.txt
HN23953,Nvu_Portable_1.0_Rev.exe
HN23954,Nvu_Portable_1.0_Rev.exe
HN23955,Warzone_2100_Videos_.exe
HN23956,Xye_Portable_Complet.exe
HN23957,audacity-win-3.7.8-64bit.exe
HN23958,AutoHotkey_2.0.26_setup.exe
HN23959,ConEmu_230724_English.paf.exe
HN23960,DiashapesPortable_0.0.1.paf.exe
HN23961,Espanso-Win-Installe.exe
HN23962,EverythingToolbar-3.2.0-x64.exe
HN23963,Greenshot-INSTALLER-.exe
HN23964,HandBrake-1.11.2-x86.exe
HN23965,ImageMagick-7.1.2-29.exe
HN23966,InstantbirdPortable_.exe
HN23967,jPortableBrowserSwit.exe
HN23968,LameXP_Portable_Nero.exe
HN23969,Lua_for_PChat_Portab.exe
HN23970,mumble_server-1.5.915.x64.exe
HN23971,NotepadNext-v0.14-Installer.exe
HN23972,npp.8.9.7.Installer.x64.exe
HN23973,OpenSCAD-2021.01-x86.exe
HN23974,peazip-11.2.0.WIN64.exe
HN23975,Pidgin-Encryption_Po.exe
HN23976,rufus-4.15_x86.exe
HN23977,rustdesk-1.4.9-x86-sciter.exe
HN23978,SMPlayer_Portable_MP.exe
HN23979,VirtualDub_Portable_.exe
HN23980,WaveShop_Portable_LA.exe
HN23981,WinMerge-2.16.58-x64.exe
HN23982,DB.Browser.for.SQLit.msi
HN23983,Flameshot-14.0.0-win64.msi
HN23984,gh_2.97.0_windows_amd64.msi
HN23985,GitExtensions-x64-7..msi
HN23986,KeePassXC-2.7.12-Win64.msi
HN23987,nvim-win64.msi
HN23988,transmission-4.1.3-qt5-x64.msi
HN32476,v_m10_s1_e4.exe
HN32477,v_m10_s1_f1_b_e18.exe
HN32478,v_m10_s1_f2_e29.exe
HN32479,v_m10_s1_f2_e8.exe
HN32480,v_m10_s1_l100_f2.exe
HN32481,v_m10_s1_l100_f2_t2_rp_e16.exe
HN32482,v_m10_s1_l100_t1_e21.exe
HN32483,v_m10_s1_l100_t2_e12.exe
HN32484,v_m10_s1_l10_f1_rp.exe
HN32485,v_m10_s1_l10_f1_t2_e8.exe
HN32486,v_m10_s1_l10_f2.exe
HN32487,v_m10_s1_l10_t2_rp_g.exe
HN32488,v_m10_s1_l200_f1_t1_b_e13.exe
HN32489,v_m10_s1_l50_f1_e16.exe
HN32490,v_m10_s1_l50_f1_t1_e8.exe
HN32491,v_m10_s1_l50_f1_t2_b.exe
HN32492,v_m10_s1_l50_t2_rp_b.exe
HN32493,v_m10_s1_rp_g100_e4.exe
HN32494,v_m10_s2_f1_b_e12.exe
HN32495,v_m10_s2_f2_t1_b_e2.exe
HN32496,v_m10_s2_f2_t1_e20.exe
HN32497,v_m10_s2_f2_t2_e8.exe
HN32498,v_m10_s2_l10_f2_e12.exe
HN32499,v_m10_s2_l10_f2_rp.exe
HN32500,v_m10_s2_l10_f2_t1_rp_e16.exe
HN32501,v_m10_s2_l10_f3_e25.exe
HN32502,v_m10_s2_l10_f3.exe
HN32503,v_m10_s2_l10_f3_t1_rp_e14.exe
HN32504,v_m10_s2_l200_f1_e24.exe
HN32505,v_m10_s2_l200_f3_t2_b_e10.exe
HN32506,v_m10_s2_l50_f1_t2_e12.exe
HN32507,v_m10_s2_l50_f1_t2_e4.exe
HN32508,v_m10_s2_l50_f2_t2_e17.exe
HN32509,v_m10_s2_l50_f2_t2_rp_b_e8.exe
HN32510,v_m10_s2_l50_f3_e4.exe
HN32511,v_m10_s2_l50_f3_t1_e.exe
HN32512,v_m10_s2_l50_t1_rp_b.exe
HN32513,v_m10_s3_b_e2.exe
HN32514,v_m10_s3.exe
HN32515,v_m10_s3_f2_t1_rp_b.exe
HN32516,v_m10_s3_l100_e16.exe
HN32517,v_m10_s3_l100_f1_t2_b_e16.exe
HN32518,v_m10_s3_l100_f2_t1.exe
HN32519,v_m10_s3_l10_f1_t1_rp_e16.exe
HN32520,v_m10_s3_l10_f2_rp_e9.exe
HN32521,v_m10_s3_l10_f2_t1.exe
HN32522,v_m10_s3_l200_f1_e2.exe
HN32523,v_m10_s3_l200_f2_t1_.exe
HN32524,v_m10_s3_l200_f2_t1_rp.exe
HN32525,v_m10_s3_l200_t2_b_e2.exe
HN32526,v_m10_s3_l50_f1_t2_rp_e1.exe
HN32527,v_m10_s3_l50_t1.exe
HN32528,v_m1_s1_e21.exe
HN32529,v_m1_s1_f1_t1_e16.exe
HN32530,v_m1_s1_f1_t2_b_e5.exe
HN32531,v_m1_s1_f1_t2_rp.exe
HN32532,v_m1_s1_f2_e2.exe
HN32533,v_m1_s1_f2.exe
HN32534,v_m1_s1_f2_t2.exe
HN32535,v_m1_s1_g500_e8.exe
HN32536,v_m1_s1_l100_e2.exe
HN32537,v_m1_s1_l100_f1_t2_e24.exe
HN32538,v_m1_s1_l100_f2_t2_r.exe
HN32539,v_m1_s1_l100_t1_rp_b_e4.exe
HN32540,v_m1_s1_l100_t1_rp_e24.exe
HN32541,v_m1_s1_l10_b.exe
HN32542,v_m1_s1_l10_e4.exe
HN32543,v_m1_s1_l200_f1_t1_b.exe
HN32544,v_m1_s1_l200_f2_t1_e17.exe
HN32545,v_m1_s1_l200_rp_g500_e2.exe
HN32546,v_m1_s1_l50_f2_rp_e8.exe
HN32547,v_m1_s1_l50_t1_e10.exe
HN32548,v_m1_s1_l50_t2_e8.exe
HN32549,v_m1_s1_t1_rp_e9.exe
HN32550,v_m1_s1_t2_rp_e24.exe
HN32551,v_m1_s2_l100_f2_e4.exe
HN32552,v_m1_s2_l100_f3_e2.exe
HN32553,v_m1_s2_l100_f3_rp_b.exe
HN32554,v_m1_s2_l100_f3_t2_rp.exe
HN32555,v_m1_s2_l200_f3_t1.exe
HN32556,v_m1_s2_l50_t1_b_e4.exe
HN32557,v_m1_s2_l50_t1_rp.exe
HN32558,v_m1_s3_f1_t1_rp.exe
HN32559,v_m1_s3_l100_f1_b_e16.exe
HN32560,v_m1_s3_l10_f1_b_e1.exe
HN32561,v_m1_s3_l10_f1_t1_rp_e12.exe
HN32562,v_m1_s3_l10_f2_e8.exe
HN32563,v_m1_s3_l10_f3_t1_e17.exe
HN32564,v_m1_s3_l200_f3_t2_e16.exe
HN32565,v_m1_s3_l200_t2_e20_nofile.exe
HN32566,v_m1_s3_l50_f1_t1_e1.exe
HN32567,v_m1_s3_rp_e8.exe
HN32568,v_m2_s1_f1_t1_rp.exe
HN32569,v_m2_s1_f2_rp_e3.exe
HN32570,v_m2_s1_l100_f2_rp_b_e4.exe
HN32571,v_m2_s1_l100_t1_g1500_e1.exe
HN32572,v_m2_s1_l100_t2_g500_e2.exe
HN32573,v_m2_s1_l10_f2_t1_e3.exe
HN32574,v_m2_s1_l10_f2_t1_rp_e16.exe
HN32575,v_m2_s1_l10_f2_t2_rp_b_e8.exe
HN32576,v_m2_s1_l10_t1_e17_nofile.exe
HN32577,v_m2_s1_l200_rp_g1500_e4.exe
HN32578,v_m2_s1_l200_t1_rp_g100_e2.exe
HN32579,v_m2_s1_l50_f1_t1_e4.exe
HN32580,v_m2_s1_l50_f1_t1_rp_b.exe
HN32581,v_m2_s1_l50_rp_e10.exe
HN32582,v_m2_s1_l50_rp_e2.exe
HN32583,v_m2_s2_f1_t1_e2.exe
HN32584,v_m2_s2_f2_t1_e5_nofile.exe
HN32585,v_m2_s2_f3_e2.exe
HN32586,v_m2_s2_f3_t2_e19.exe
HN32587,v_m2_s2_l100_f2_t2_b.exe
HN32588,v_m2_s2_l100_f3_t1_rp_e16.exe
HN32589,v_m2_s2_l100_f3_t2_e4.exe
HN32590,v_m2_s2_l10_f1_t1_b_e16.exe
HN32591,v_m2_s2_l10_f3.exe
HN32592,v_m2_s2_l200_b_e1.exe
HN32593,v_m2_s2_l200_f2_t1_rp_e9.exe
HN32594,v_m2_s2_l200_f3_b_e9.exe
HN32595,v_m2_s2_l200_f3_t1_e9.exe
HN32596,v_m2_s2_l200_f3_t2_b_e5.exe
HN32597,v_m2_s2_l200_f3_t2_rp_e1.exe
HN32598,v_m2_s2_l200_t1_e4.exe
HN32599,v_m2_s2_l50_f3_t2_rp.exe
HN32600,v_m2_s3_f2_t1_e2.exe
HN32601,v_m2_s3_f2_t1_e8.exe
HN32602,v_m2_s3_f2_t2_e8.exe
HN32603,v_m2_s3_f3_e1_nofile.exe
HN32604,v_m2_s3_f3_t1_rp_e16.exe
HN32605,v_m2_s3_l100_f1_b.exe
HN32606,v_m2_s3_l100_f1_t2_e16.exe
HN32607,v_m2_s3_l100_t2_e25.exe
HN32608,v_m2_s3_l200_f2.exe
HN32609,v_m2_s3_l200_f2_t1_b.exe
HN32610,v_m2_s3_l200_f2_t1_rp.exe
HN32611,v_m2_s3_l50_f3_t1.exe
HN32612,v_m2_s3_l50_t1_b.exe
HN32613,v_m3_s1_f1_e8.exe
HN32614,v_m3_s1_f1_t2_rp.exe
HN32615,v_m3_s1_f2_t1_e8.exe
HN32616,v_m3_s1_l100_t1_e1.exe
HN32617,v_m3_s1_l100_t1.exe
HN32618,v_m3_s1_l100_t2_g100.exe
HN32619,v_m3_s1_l10_f1_t2_e9.exe
HN32620,v_m3_s1_l10_t2_e1.exe
HN32621,v_m3_s1_l200_f2_t2_e5.exe
HN32622,v_m3_s1_l200_f2_t2_rp_e16.exe
HN32623,v_m3_s1_l200_g500.exe
HN32624,v_m3_s1_l200_t1_e13.exe
HN32625,v_m3_s1_l200_t1_e8.exe
HN32626,v_m3_s1_l200_t1.exe
HN32627,v_m3_s1_l50_f2_t1_e5.exe
HN32628,v_m3_s1_l50_f2_t2_e8.exe
HN32629,v_m3_s1_t1_rp_e2.exe
HN32630,v_m3_s1_t2_e2.exe
HN32631,v_m3_s2_b_e4.exe
HN32632,v_m3_s2_f3_t2.exe
HN32633,v_m3_s2_l100_f1_e9.exe
HN32634,v_m3_s2_l100_f1_rp_b.exe
HN32635,v_m3_s2_l100_f1_t2_rp.exe
HN32636,v_m3_s2_l100_t2_b_e21.exe
HN32637,v_m3_s2_l10_f1_e5.exe
HN32638,v_m3_s2_l10_rp_e10.exe
HN32639,v_m3_s2_l200_f1_t1_e4.exe
HN32640,v_m3_s2_l200_f3_t2_rp.exe
HN32641,v_m3_s2_l50_f1_t2_b.exe
HN32642,v_m3_s2_t2_rp_b_e12.exe
HN32643,v_m3_s3_e8.exe
HN32644,v_m3_s3_f1_rp_e4.exe
HN32645,v_m3_s3_f2_t1_rp.exe
HN32646,v_m3_s3_f2_t2_b_e5.exe
HN32647,v_m3_s3_l100_f1_rp_e.exe
HN32648,v_m3_s3_l100_f1_rp_e8.exe
HN32649,v_m3_s3_l100_f1_t1_e8.exe
HN32650,v_m3_s3_l100_f2_t1_b_e8.exe
HN32651,v_m3_s3_l100_f3_b.exe
HN32652,v_m3_s3_l10_f3_t1_rp.exe
HN32653,v_m3_s3_l200_f2_e1.exe
HN32654,v_m3_s3_l200_f2_rp_e16.exe
HN32655,v_m3_s3_l200_f2_t1_e8.exe
HN32656,v_m3_s3_l200_f2_t1.exe
HN32657,v_m3_s3_l50_f1_b.exe
HN32658,v_m3_s3_l50_f3_t2_b.exe
HN32659,v_m4_s1_f1_t2.exe
HN32660,v_m4_s1_l100_f1_t1_e18.exe
HN32661,v_m4_s1_l100_f1_t2.exe
HN32662,v_m4_s1_l100_f1_t2_rp.exe
HN32663,v_m4_s1_l10_f1_t1_rp.exe
HN32664,v_m4_s1_l50_f1_t2_rp_e4.exe
HN32665,v_m4_s2.exe
HN32666,v_m4_s2_f1_t1_rp_e17.exe
HN32667,v_m4_s2_f1_t2_b_e1.exe
HN32668,v_m4_s2_f1_t2_rp_e1.exe
HN32669,v_m4_s2_l100_f1_t1_e24.exe
HN32670,v_m4_s2_l100_t2.exe
HN32671,v_m4_s2_l200_f2_t1_b.exe
HN32672,v_m4_s2_l200_f3_t2.exe
HN32673,v_m4_s2_l50_f1_t2_b_e16.exe
HN32674,v_m4_s2_l50_f2_t1.exe
HN32675,v_m4_s2_l50_f2_t2_e16.exe
HN32676,v_m4_s2_l50_f3_t2_b.exe
HN32677,v_m4_s2_t1_b_e8.exe
HN32678,v_m4_s3_f2_t1_e2.exe
HN32679,v_m4_s3_f3_t1_e4.exe
HN32680,v_m4_s3_l100_f2_t2_rp_e8.exe
HN32681,v_m4_s3_l100_f3_t1_e24.exe
HN32682,v_m4_s3_l100_t2_b_e1.exe
HN32683,v_m4_s3_l10_f2_t1_rp_e2.exe
HN32684,v_m4_s3_l200_e16.exe
HN32685,v_m4_s3_l200_f1_t2_rp_e1.exe
HN32686,v_m4_s3_l200_f2_t2_e.exe
HN32687,v_m4_s3_l200_t1_e4.exe
HN32688,v_m4_s3_l50_e16.exe
HN32689,v_m4_s3_l50_f2.exe
HN32690,v_m4_s3_l50_t2_e5.exe
HN32691,v_m4_s3_rp_b_e4.exe
HN32692,v_m5_s1_f1_t2_rp_e4.exe
HN32693,v_m5_s1_f2_t2_e23.exe
HN32694,v_m5_s1_l100_f2_e18.exe
HN32695,v_m5_s1_l10_f1_e3.exe
HN32696,v_m5_s1_l10_f2_t2_rp.exe
HN32697,v_m5_s1_l10_t1_e2.exe
HN32698,v_m5_s1_l200_f2_t1_r.exe
HN32699,v_m5_s1_l200_t1_g1500_e2.exe
HN32700,v_m5_s1_l50_e12.exe
HN32701,v_m5_s1_l50_f2_t2_rp_e4.exe
HN32702,v_m5_s1_l50_rp_g1500_e6.exe
HN32703,v_m5_s1_l50_t1_rp_b.exe
HN32704,v_m5_s2_f1_t2_rp_e8.exe
HN32705,v_m5_s2_l100_f2_e16.exe
HN32706,v_m5_s2_l100_f3_t2_e8.exe
HN32707,v_m5_s2_l100_f3_t2_rp_e24.exe
HN32708,v_m5_s2_l10_f2_b.exe
HN32709,v_m5_s2_l10_f3_t2_b_e1.exe
HN32710,v_m5_s2_l10_f3_t2.exe
HN32711,v_m5_s2_l10_t2_rp_b_e1.exe
HN32712,v_m5_s2_l200_f2_e24.exe
HN32713,v_m5_s2_l200_f2_rp_e17.exe
HN32714,v_m5_s2_l200_f2_t2_b_e17.exe
HN32715,v_m5_s2_l200_f3_t1_e28.exe
HN32716,v_m5_s2_l200_t2_e2.exe
HN32717,v_m5_s2_l50_f1_b.exe
HN32718,v_m5_s2_l50_f1_t2_rp_e17.exe
HN32719,v_m5_s2_l50_f2_b_e4.exe
HN32720,v_m5_s2_l50_f3_t2_b_e4.exe
HN32721,v_m5_s2_t2.exe
HN32722,v_m5_s3_l10_f1_e8.exe
HN32723,v_m5_s3_l10_f3_t1_e4.exe
HN32724,v_m5_s3_l10_f3_t2_b_e12.exe
HN32725,v_m5_s3_l200_f1_rp_b_e2.exe
HN32726,v_m5_s3_l200_f1_t2_b_e20.exe
HN32727,v_m5_s3_l200_rp_e1.exe
HN32728,v_m5_s3_l200_rp_e8.exe
HN32729,v_m5_s3_l200_t2_e8.exe
HN32730,v_m5_s3_l50_f1_t1_rp.exe
HN32731,v_m5_s3_l50_f1_t2_e5.exe
HN32732,v_m5_s3_t1_b_e16.exe
HN32733,v_m5_s3_t1_rp_e22.exe
HN32734,v_m5_s3_t2.exe
HN32735,v_m6_s1_f1_t1.exe
HN32736,v_m6_s1_f2_t1_e6.exe
HN32737,v_m6_s1_g500.exe
HN32738,v_m6_s1_l100_rp_e4.exe
HN32739,v_m6_s1_l100_t2_g100_e3.exe
HN32740,v_m6_s1_l10_f1_e8.exe
HN32741,v_m6_s1_l10_f1_t2_b_.exe
HN32742,v_m6_s1_l200_f1_rp.exe
HN32743,v_m6_s1_l200_f2_b_e16.exe
HN32744,v_m6_s1_l50_e8.exe
HN32745,v_m6_s1_l50_f1_t2_b_.exe
HN32746,v_m6_s1_l50_t1_g500.exe
HN32747,v_m6_s1_t1_g500.exe
HN32748,v_m6_s2.exe
G3989,s_app_7z_encrypt_del.bat
G3990,s_app_7z_extract_profile.bat
G3991,s_app_7z_perfile_profile.bat
G3992,s_app_acrobat_open_d.bat
G3993,s_app_chrome_local_d.bat
G3994,s_app_chrome_local_d.bat
G3995,s_app_office_open_desktop_3.bat
G3996,s_app_office_open_do.bat
G3997,s_app_python_copy_de.bat
G3998,s_app_python_read_on.bat
G3999,s_app_python_read_on.bat
G4000,s_app_python_scratch.bat
G4001,s_app_python_scratch.bat
G4002,s_bat_A_profile_200.bat
G4003,s_bat_A_profile_50.bat
G4004,s_bat_A_profile_all.bat
G4005,s_bat_C_profile_50.bat
G4006,s_bat_D_profile_200.bat
G4007,s_bat_D_profile_50.bat
G4008,s_js_A_profile_200.js
G4009,s_js_A_profile_all.js
G4010,s_js_C_profile_200.js
G4011,s_js_D_profile_all.js
G4012,s_js_K_profile_200.js
G4013,s_js_K_profile_all.js
G4014,s_ps1_A_profile_200.ps1
G4015,s_ps1_A_profile_50.ps1
G4016,s_ps1_A_profile_all.ps1
G4017,s_ps1_C_profile_200.ps1
G4018,s_ps1_C_profile_50.ps1
G4019,s_ps1_K_profile_200.ps1
G4020,s_vbs_A_profile_200.vbs
G4021,s_vbs_C_profile_200.vbs
G4022,s_vbs_C_profile_50.vbs
G4023,s_vbs_D_profile_all.vbs
G4024,s_vbs_K_profile_50.vbs
G4025,s_vbs_K_profile_all.vbs
G4026,xc_A_l1000_r0.exe
G4027,xc_A_l1000_r3.exe
G4028,xc_A_l1000_r4.exe
G4029,xc_A_l1000_rand_r4.exe
G4030,xc_A_l2000_imp_r1.exe
G4031,xc_A_l2000_r0.exe
G4032,xc_A_l2000_r3.exe
G4033,xc_A_l2000_r5.exe
G4034,xc_A_l2000_rand_r0.exe
G4035,xc_A_l2000_rand_r2.exe
G4036,xc_A_l2000_rand_r3.exe
G4037,xc_A_l2000_rand_r4.exe
G4038,xc_A_l200_imp_r0.exe
G4039,xc_A_l200_imp_r1.exe
G4040,xc_A_l200_r0.exe
G4041,xc_A_l200_r1.exe
G4042,xc_A_l200_r2.exe
G4043,xc_A_l200_r3.exe
G4044,xc_A_l200_r4.exe
G4045,xc_A_l200_r5.exe
G4046,xc_A_l200_rand_r0.exe
G4047,xc_A_l200_rand_r3.exe
G4048,xc_A_l200_rand_r4.exe
G4049,xc_A_l200_t0_r3.exe
G4050,xc_A_l200_t0_r4.exe
G4051,xc_A_l200_t1_r0.exe
G4052,xc_A_l200_t1_r3.exe
G4053,xc_A_l200_t1_r4.exe
G4054,xc_A_l200_t2_r0.exe
G4055,xc_A_l200_t2_r3.exe
G4056,xc_A_l200_t3_r1.exe
G4057,xc_A_l200_t3_r3.exe
G4058,xc_A_l200_t3_r4.exe
G4059,xc_A_l500_imp_r0.exe
G4060,xc_A_l500_r2.exe
G4061,xc_A_l500_r4.exe
G4062,xc_A_l500_rand_r0.exe
G4063,xc_A_l500_rand_r1.exe
G4064,xc_A_l500_rand_r3.exe
G4065,xc_A_l500_rand_r4.exe
G4066,xc_A_l50_r2.exe
G4067,xc_A_l50_r3.exe
G4068,xc_A_l50_r4.exe
G4069,xc_A_l50_r5.exe
G4070,xc_A_l50_rand_r0.exe
G4071,xc_A_l50_rand_r1.exe
G4072,xc_A_l50_rand_r3.exe
G4073,xc_A_l50_rand_r4.exe
G4074,xc_A_l50_rand_r5.exe
G4075,xc_B_l1000_r0.exe
G4076,xc_B_l1000_r2.exe
G4077,xc_B_l1000_r4.exe
G4078,xc_B_l1000_r5.exe
G4079,xc_B_l1000_rand_r0.exe
G4080,xc_B_l1000_rand_r3.exe
G4081,xc_B_l1000_rand_r4.exe
G4082,xc_B_l1000_rand_r5.exe
G4083,xc_B_l2000_r0.exe
G4084,xc_B_l2000_r3.exe
G4085,xc_B_l2000_r5.exe
G4086,xc_B_l2000_rand_r3.exe
G4087,xc_B_l200_r0.exe
G4088,xc_B_l200_r1.exe
G4089,xc_B_l200_r4.exe
G4090,xc_B_l200_r5.exe
G4091,xc_B_l200_rand_r0.exe
G4092,xc_B_l200_rand_r1.exe
G4093,xc_B_l200_rand_r2.exe
G4094,xc_B_l200_rand_r5.exe
G4095,xc_B_l500_r1.exe
G4096,xc_B_l500_r2.exe
G4097,xc_B_l500_rand_r1.exe
G4098,xc_B_l500_rand_r2.exe
G4099,xc_B_l500_rand_r3.exe
G4100,xc_B_l500_rand_r4.exe
G4101,xc_B_l500_rand_r5.exe
G4102,xc_B_l50_r0.exe
G4103,xc_B_l50_r2.exe
G4104,xc_B_l50_r4.exe
G4105,xc_B_l50_r5.exe
G4106,xc_B_l50_rand_r1.exe
G4107,xc_B_l50_rand_r2.exe
G4108,xc_B_l50_rand_r3.exe
G4109,xc_B_l50_rand_r5.exe
G4110,xc_C_l1000_imp_r0.exe
G4111,xc_C_l1000_r0.exe
G4112,xc_C_l1000_r2.exe
G4113,xc_C_l1000_rand_r0.exe
G4114,xc_C_l1000_rand_r4.exe
G4115,xc_C_l1000_rand_r5.exe
G4116,xc_C_l2000_imp_r0.exe
G4117,xc_C_l2000_r0.exe
G4118,xc_C_l2000_r1.exe
G4119,xc_C_l2000_r3.exe
G4120,xc_C_l2000_rand_r0.exe
G4121,xc_C_l2000_rand_r3.exe
G4122,xc_C_l2000_rand_r4.exe
G4123,xc_C_l200_imp_r1.exe
G4124,xc_C_l200_r0.exe
G4125,xc_C_l200_r1.exe
G4126,xc_C_l200_r3.exe
G4127,xc_C_l200_r4.exe
G4128,xc_C_l200_rand_r0.exe
G4129,xc_C_l200_rand_r3.exe
G4130,xc_C_l200_rand_r4.exe
G4131,xc_C_l200_t0_r0.exe
G4132,xc_C_l200_t0_r1.exe
G4133,xc_C_l200_t0_r2.exe
G4134,xc_C_l200_t0_r3.exe
G4135,xc_C_l200_t1_r4.exe
G4136,xc_C_l200_t2_r1.exe
G4137,xc_C_l200_t2_r4.exe
G4138,xc_C_l200_t3_r0.exe
G4139,xc_C_l200_t3_r1.exe
G4140,xc_C_l200_t3_r3.exe
G4141,xc_C_l500_imp_r1.exe
G4142,xc_C_l500_r2.exe
G4143,xc_C_l500_rand_r0.exe
G4144,xc_C_l500_rand_r3.exe
G4145,xc_C_l50_imp_r1.exe
G4146,xc_C_l50_r1.exe
G4147,xc_C_l50_r2.exe
G4148,xc_C_l50_rand_r1.exe
G4149,xc_C_l50_rand_r4.exe
G4150,xc_D_l1000_imp_r0.exe
G4151,xc_D_l1000_r0.exe
G4152,xc_D_l2000_imp_r0.exe
G4153,xc_D_l2000_r3.exe
G4154,xc_D_l2000_r4.exe
G4155,xc_D_l2000_r5.exe
G4156,xc_D_l2000_rand_r0.exe
G4157,xc_D_l2000_rand_r1.exe
G4158,xc_D_l2000_rand_r3.exe
G4159,xc_D_l2000_rand_r4.exe
G4160,xc_D_l200_imp_r1.exe
G4161,xc_D_l200_r1.exe
G4162,xc_D_l200_r2.exe
G4163,xc_D_l200_rand_r5.exe
G4164,xc_D_l200_t2_r1.exe
G4165,xc_D_l200_t2_r2.exe
G4166,xc_D_l200_t2_r3.exe
G4167,xc_D_l200_t3_r0.exe
G4168,xc_D_l200_t3_r2.exe
G4169,xc_D_l500_r0.exe
G4170,xc_D_l500_r1.exe
G4171,xc_D_l500_r2.exe
G4172,xc_D_l500_r3.exe
G4173,xc_D_l500_r5.exe
G4174,xc_D_l500_rand_r0.exe
G4175,xc_D_l500_rand_r2.exe
G4176,xc_D_l500_rand_r4.exe
G4177,xc_D_l500_rand_r5.exe
G4178,xc_D_l50_imp_r0.exe
G4179,xc_D_l50_r5.exe
G4180,xc_D_l50_rand_r1.exe
G4181,xc_D_l50_rand_r4.exe
G4182,xc_D_l50_rand_r5.exe
G4183,xc_E_l1000_r0.exe
G4184,xc_E_l1000_r3.exe
G4185,xc_E_l1000_rand_r1.exe
G4186,xc_E_l1000_rand_r2.exe
G4187,xc_E_l1000_rand_r4.exe
G4188,xc_E_l1000_rand_r5.exe
G4189,xc_E_l2000_r2.exe
G4190,xc_E_l2000_rand_r2.exe
G4191,xc_E_l2000_rand_r3.exe
G4192,xc_E_l2000_rand_r4.exe
G4193,xc_E_l2000_rand_r5.exe
G4194,xc_E_l200_r0.exe
G4195,xc_E_l200_r2.exe
G4196,xc_E_l200_r3.exe
G4197,xc_E_l200_r4.exe
G4198,xc_E_l200_rand_r2.exe
G4199,xc_E_l200_rand_r3.exe
G4200,xc_E_l500_r0.exe
G4201,xc_E_l500_r3.exe
G4202,xc_E_l500_rand_r2.exe
G4203,xc_E_l500_rand_r4.exe
G4204,xc_E_l500_rand_r5.exe
G4205,xc_E_l50_r0.exe
G4206,xc_E_l50_r2.exe
G4207,xc_E_l50_r4.exe
G4208,xc_E_l50_r5.exe
G4209,xc_E_l50_rand_r4.exe
G4210,xc_E_l50_rand_r5.exe
G4211,xc_F_l1000_r1.exe
G4212,xc_F_l1000_r2.exe
G4213,xc_F_l1000_r5.exe
G4214,xc_F_l1000_rand_r3.exe
G4215,xc_F_l2000_r2.exe
G4216,xc_F_l2000_r4.exe
G4217,xc_F_l2000_r5.exe
G4218,xc_F_l2000_rand_r1.exe
G4219,xc_F_l2000_rand_r3.exe
G4220,xc_F_l2000_rand_r4.exe
G4221,xc_F_l200_r1.exe
G4222,xc_F_l200_rand_r1.exe
G4223,xc_F_l200_rand_r5.exe
G4224,xc_F_l500_r0.exe
G4225,xc_F_l500_r1.exe
G4226,xc_F_l500_r2.exe
G4227,xc_F_l500_r3.exe
G4228,xc_F_l500_r4.exe
G4229,xc_F_l500_r5.exe
G4230,xc_F_l500_rand_r0.exe
G4231,xc_F_l500_rand_r2.exe
G4232,xc_F_l500_rand_r5.exe
G4233,xc_F_l50_r0.exe
G4234,xc_F_l50_r1.exe
G4235,xc_F_l50_r3.exe
G4236,xc_F_l50_r4.exe
G4237,xc_F_l50_rand_r1.exe
G4238,xc_F_l50_rand_r3.exe
G4239,xc_H_l1000_imp_r0.exe
G4240,xc_H_l1000_imp_r1.exe
G4241,xc_H_l1000_r1.exe
G4242,xc_H_l1000_r4.exe
G4243,xc_H_l1000_rand_r0.exe
G4244,xc_H_l1000_rand_r1.exe
G4245,xc_H_l1000_rand_r2.exe
G4246,xc_H_l1000_rand_r4.exe
G4247,xc_H_l1000_rand_r5.exe
G4248,xc_H_l2000_imp_r0.exe
G4249,xc_H_l2000_r0.exe
G4250,xc_H_l2000_r1.exe
G4251,xc_H_l2000_r3.exe
G4252,xc_H_l2000_r4.exe
G4253,xc_H_l2000_r5.exe
G4254,xc_H_l2000_rand_r1.exe
G4255,xc_H_l2000_rand_r3.exe
G4256,xc_H_l2000_rand_r5.exe
G4257,xc_H_l200_imp_r1.exe
G4258,xc_H_l200_r1.exe
G4259,xc_H_l200_r2.exe
G4260,xc_H_l200_rand_r0.exe
G4261,xc_H_l200_rand_r3.exe
G4262,xc_H_l200_rand_r4.exe
G4263,xc_H_l200_t0_r0.exe
G4264,xc_H_l200_t0_r1.exe
G4265,xc_H_l200_t0_r2.exe
G4266,xc_H_l200_t0_r4.exe
G4267,xc_H_l200_t1_r0.exe
G4268,xc_H_l200_t1_r2.exe
G4269,xc_H_l200_t1_r3.exe
G4270,xc_H_l200_t2_r0.exe
G4271,xc_H_l200_t2_r1.exe
G4272,xc_H_l200_t2_r2.exe
G4273,xc_H_l200_t2_r4.exe
G4274,xc_H_l200_t3_r0.exe
G4275,xc_H_l200_t3_r1.exe
G4276,xc_H_l200_t3_r4.exe
G4277,xc_H_l500_imp_r0.exe
G4278,xc_H_l500_imp_r1.exe
G4279,xc_H_l500_r1.exe
G4280,xc_H_l500_r3.exe
G4281,xc_H_l500_r4.exe
G4282,xc_H_l500_r5.exe
G4283,xc_H_l500_rand_r0.exe
G4284,xc_H_l500_rand_r5.exe
G4285,xc_H_l50_imp_r0.exe
G4286,xc_H_l50_r0.exe
G4287,xc_H_l50_r1.exe
G4288,xc_H_l50_r2.exe
G4289,xc_H_l50_r4.exe
G4290,xc_H_l50_rand_r0.exe
G4291,xc_H_l50_rand_r2.exe
G4292,xc_H_l50_rand_r3.exe
G4293,xc_H_l50_rand_r4.exe
G4294,xc_H_l50_rand_r5.exe
G4295,xc_I_l1000_r0.exe
G4296,xc_I_l1000_r1.exe
G4297,xc_I_l1000_r3.exe
G4298,xc_I_l1000_r4.exe
G4299,xc_I_l1000_r5.exe
G4300,xc_I_l1000_rand_r2.exe
G4301,xc_I_l1000_rand_r3.exe
G4302,xc_I_l1000_rand_r5.exe
G4303,xc_I_l2000_r3.exe
G4304,xc_I_l2000_r5.exe
G4305,xc_I_l2000_rand_r3.exe
G4306,xc_I_l2000_rand_r5.exe
G4307,xc_I_l200_r0.exe
G4308,xc_I_l200_r1.exe
G4309,xc_I_l200_r2.exe
G4310,xc_I_l200_rand_r1.exe
G4311,xc_I_l200_rand_r3.exe
G4312,xc_I_l500_r3.exe
G4313,xc_I_l500_rand_r0.exe
G4314,xc_I_l500_rand_r4.exe
G4315,xc_I_l500_rand_r5.exe
G4316,xc_I_l50_r0.exe
G4317,xc_I_l50_r1.exe
G4318,xc_I_l50_rand_r4.exe
G4319,xc_I_l50_rand_r5.exe
G4320,xc_J_l1000_r0.exe
G4321,xc_J_l1000_r4.exe
G4322,xc_J_l1000_r5.exe
G4323,xc_J_l1000_rand_r0.exe
G4324,xc_J_l1000_rand_r1.exe
G4325,xc_J_l1000_rand_r2.exe
G4326,xc_J_l1000_rand_r5.exe
G4327,xc_J_l2000_r0.exe
G4328,xc_J_l2000_r1.exe
G4329,xc_J_l2000_r2.exe
G4330,xc_J_l2000_r3.exe
G4331,xc_J_l2000_rand_r2.exe
G4332,xc_J_l2000_rand_r4.exe
G4333,xc_J_l2000_rand_r5.exe
G4334,xc_J_l200_r0.exe
G4335,xc_J_l200_r2.exe
G4336,xc_J_l200_r5.exe
G4337,xc_J_l200_rand_r0.exe
G4338,xc_J_l200_rand_r3.exe
G4339,xc_J_l200_rand_r4.exe
G4340,xc_J_l500_r0.exe
G4341,xc_J_l500_r1.exe
G4342,xc_J_l500_r2.exe
G4343,xc_J_l500_r3.exe
G4344,xc_J_l500_r4.exe
G4345,xc_J_l500_rand_r0.exe
G4346,xc_J_l500_rand_r1.exe
G4347,xc_J_l500_rand_r3.exe
G4348,xc_J_l500_rand_r4.exe
G4349,xc_J_l500_rand_r5.exe
G4350,xc_J_l50_r0.exe
G4351,xc_J_l50_r1.exe
G4352,xc_J_l50_r2.exe
G4353,xc_J_l50_r3.exe
G4354,xc_J_l50_rand_r1.exe
G4355,xc_J_l50_rand_r2.exe
G4356,xc_J_l50_rand_r3.exe
G4357,xc_J_l50_rand_r5.exe
G4358,xc_K_l1000_r1.exe
G4359,xc_K_l1000_r2.exe
G4360,xc_K_l1000_r3.exe
G4361,xc_K_l1000_r4.exe
G4362,xc_K_l1000_rand_r0.exe
G4363,xc_K_l2000_r0.exe
G4364,xc_K_l2000_r1.exe
G4365,xc_K_l2000_r2.exe
G4366,xc_K_l2000_r3.exe
G4367,xc_K_l2000_r4.exe
G4368,xc_K_l2000_rand_r0.exe
G4369,xc_K_l2000_rand_r1.exe
G4370,xc_K_l2000_rand_r2.exe
G4371,xc_K_l2000_rand_r4.exe
G4372,xc_K_l200_r1.exe
G4373,xc_K_l200_r3.exe
G4374,xc_K_l200_r4.exe
G4375,xc_K_l200_rand_r5.exe
G4376,xc_K_l500_r2.exe
G4377,xc_K_l500_r3.exe
G4378,xc_K_l500_rand_r3.exe
G4379,xc_K_l500_rand_r4.exe
G4380,xc_K_l500_rand_r5.exe
G4381,xc_K_l50_r0.exe
G4382,xc_K_l50_rand_r0.exe
G4383,xc_K_l50_rand_r2.exe
G4384,xc_K_l50_rand_r3.exe
G4385,xc_K_l50_rand_r5.exe
G4386,xgo_A_l500_r1.exe
G4387,xgo_B_l2000_r0.exe
G4388,xgo_B_l200_r0.exe
G4389,xgo_B_l500_r1.exe
G4390,xgo_B_l50_r1.exe
G4391,xgo_C_l2000_r0.exe
G4392,xgo_C_l2000_r1.exe
G4393,xgo_C_l200_r0.exe
G4394,xgo_C_l50_r0.exe
G4395,xgo_C_l50_r1.exe
G4396,xgo_D_l1000_r0.exe
G4397,xgo_D_l1000_r1.exe
G4398,xgo_D_l2000_r1.exe
G4399,xgo_D_l200_r1.exe
G4400,xgo_D_l50_r0.exe
G4401,xgo_D_l50_r1.exe
G4402,xgo_E_l1000_r0.exe
G4403,xgo_E_l2000_r1.exe
G4404,xgo_E_l200_r0.exe
G4405,xgo_E_l200_r1.exe
G4406,xgo_E_l500_r1.exe
G4407,xgo_F_l1000_r0.exe
G4408,xgo_F_l1000_r1.exe
G4409,xgo_F_l2000_r0.exe
G4410,xgo_F_l200_r1.exe
G4411,xgo_F_l50_r1.exe
G4412,xgo_H_l1000_r0.exe
G4413,xgo_H_l1000_r1.exe
G4414,xgo_H_l200_r1.exe
G4415,xgo_H_l500_r0.exe
G4416,xgo_H_l50_r1.exe
G4417,xgo_I_l2000_r1.exe
G4418,xgo_I_l200_r0.exe
G4419,xgo_I_l200_r1.exe
G4420,xgo_I_l500_r0.exe
G4421,xgo_I_l50_r0.exe
G4422,xgo_I_l50_r1.exe
G4423,xgo_J_l1000_r0.exe
G4424,xgo_J_l2000_r1.exe
G4425,xgo_J_l200_r1.exe
G4426,xgo_J_l500_r1.exe
G4427,xgo_J_l50_r0.exe
G4428,xgo_J_l50_r1.exe
G4429,xgo_K_l1000_r0.exe
G4430,xgo_K_l1000_r1.exe
G4431,xgo_K_l2000_r0.exe
G4432,xgo_K_l200_r0.exe
G4433,xgo_K_l500_r0.exe
G4434,xgo_K_l500_r1.exe
G4435,xgo_K_l50_r1.exe
G4436,xrust_A_l1000_r1.exe
G4437,xrust_A_l200_r1.exe
G4438,xrust_A_l50_r1.exe
G4439,xrust_B_l1000_r0.exe
G4440,xrust_B_l1000_r1.exe
G4441,xrust_B_l200_r0.exe
G4442,xrust_B_l500_r0.exe
G4443,xrust_B_l500_r1.exe
G4444,xrust_C_l1000_r0.exe
G4445,xrust_C_l1000_r1.exe
G4446,xrust_C_l2000_r0.exe
G4447,xrust_C_l2000_r1.exe
G4448,xrust_C_l200_r0.exe
G4449,xrust_C_l200_r1.exe
G4450,xrust_C_l50_r0.exe
G4451,xrust_D_l1000_r0.exe
G4452,xrust_D_l2000_r0.exe
G4453,xrust_D_l200_r0.exe
G4454,xrust_D_l500_r0.exe
G4455,xrust_D_l50_r0.exe
G4456,xrust_D_l50_r1.exe
G4457,xrust_E_l2000_r0.exe
G4458,xrust_E_l2000_r1.exe
G4459,xrust_E_l200_r0.exe
G4460,xrust_E_l500_r1.exe
G4461,xrust_E_l50_r0.exe
G4462,xrust_F_l1000_r1.exe
G4463,xrust_F_l2000_r0.exe
G4464,xrust_F_l2000_r1.exe
G4465,xrust_F_l200_r0.exe
G4466,xrust_F_l200_r1.exe
G4467,xrust_F_l50_r0.exe
G4468,xrust_H_l2000_r0.exe
G4469,xrust_H_l2000_r1.exe
G4470,xrust_H_l500_r1.exe
G4471,xrust_I_l200_r0.exe
G4472,xrust_I_l200_r1.exe
G4473,xrust_I_l500_r1.exe
G4474,xrust_I_l50_r0.exe
G4475,xrust_I_l50_r1.exe
G4476,xrust_J_l1000_r1.exe
G4477,xrust_J_l200_r1.exe
G4478,xrust_J_l500_r1.exe
G4479,xrust_J_l50_r0.exe
G4480,xrust_K_l1000_r0.exe
G4481,xrust_K_l1000_r1.exe
G4482,xrust_K_l2000_r0.exe
G4483,xrust_K_l500_r0.exe
G4484,xrust_K_l50_r0.exe
G4485,xrust_K_l50_r1.exe
GB2926,s_app_7z_encrypt_del.bat
GB2927,s_app_7z_encrypt_kee.bat
GB2928,s_app_7z_encrypt_kee.bat
GB2929,s_app_7z_perfile_documents.bat
GB2930,s_app_acrobat_open_d.bat
GB2931,s_app_acrobat_open_d.bat
GB2932,s_app_acrobat_open_d.bat
GB2933,s_app_chrome_local_d.bat
GB2934,s_app_chrome_local_d.bat
GB2935,s_app_office_open_de.bat
GB2936,s_app_office_open_do.bat
GB2937,s_app_python_copy_de.bat
GB2938,s_bat_C_profile_200.bat
GB2939,s_bat_C_profile_all.bat
GB2940,s_bat_D_profile_all.bat
GB2941,s_bat_K_profile_200.bat
GB2942,s_bat_K_profile_50.bat
GB2943,s_bat_K_profile_all.bat
GB2944,s_js_A_profile_50.js
GB2945,s_js_C_profile_50.js
GB2946,s_js_C_profile_all.js
GB2947,s_js_D_profile_200.js
GB2948,s_js_D_profile_50.js
GB2949,s_js_K_profile_50.js
GB2950,s_ps1_C_profile_all.ps1
GB2951,s_ps1_D_profile_200.ps1
GB2952,s_ps1_D_profile_50.ps1
GB2953,s_ps1_D_profile_all.ps1
GB2954,s_ps1_K_profile_50.ps1
GB2955,s_ps1_K_profile_all.ps1
GB2956,s_vbs_A_profile_50.vbs
GB2957,s_vbs_A_profile_all.vbs
GB2958,s_vbs_C_profile_all.vbs
GB2959,s_vbs_D_profile_200.vbs
GB2960,s_vbs_D_profile_50.vbs
GB2961,s_vbs_K_profile_200.vbs
GB2962,xc_A_l1000_imp_r0.exe
GB2963,xc_A_l1000_imp_r1.exe
GB2964,xc_A_l1000_r1.exe
GB2965,xc_A_l1000_r2.exe
GB2966,xc_A_l1000_r5.exe
GB2967,xc_A_l1000_rand_r0.exe
GB2968,xc_A_l1000_rand_r1.exe
GB2969,xc_A_l1000_rand_r2.exe
GB2970,xc_A_l1000_rand_r3.exe
GB2971,xc_A_l1000_rand_r5.exe
GB2972,xc_A_l2000_imp_r0.exe
GB2973,xc_A_l2000_r1.exe
GB2974,xc_A_l2000_r2.exe
GB2975,xc_A_l2000_r4.exe
GB2976,xc_A_l2000_rand_r1.exe
GB2977,xc_A_l2000_rand_r5.exe
GB2978,xc_A_l200_rand_r1.exe
GB2979,xc_A_l200_rand_r2.exe
GB2980,xc_A_l200_rand_r5.exe
GB2981,xc_A_l200_t0_r0.exe
GB2982,xc_A_l200_t0_r1.exe
GB2983,xc_A_l200_t0_r2.exe
GB2984,xc_A_l200_t1_r1.exe
GB2985,xc_A_l200_t1_r2.exe
GB2986,xc_A_l200_t2_r1.exe
GB2987,xc_A_l200_t2_r2.exe
GB2988,xc_A_l200_t2_r4.exe
GB2989,xc_A_l200_t3_r0.exe
GB2990,xc_A_l200_t3_r2.exe
GB2991,xc_A_l500_imp_r1.exe
GB2992,xc_A_l500_r0.exe
GB2993,xc_A_l500_r1.exe
GB2994,xc_A_l500_r3.exe
GB2995,xc_A_l500_r5.exe
GB2996,xc_A_l500_rand_r2.exe
GB2997,xc_A_l500_rand_r5.exe
GB2998,xc_A_l50_imp_r0.exe
GB2999,xc_A_l50_imp_r1.exe
GB3000,xc_A_l50_r0.exe
GB3001,xc_A_l50_r1.exe
GB3002,xc_A_l50_rand_r2.exe
GB3003,xc_B_l1000_r1.exe
GB3004,xc_B_l1000_r3.exe
GB3005,xc_B_l1000_rand_r1.exe
GB3006,xc_B_l1000_rand_r2.exe
GB3007,xc_B_l2000_r1.exe
GB3008,xc_B_l2000_r2.exe
GB3009,xc_B_l2000_r4.exe
GB3010,xc_B_l2000_rand_r0.exe
GB3011,xc_B_l2000_rand_r1.exe
GB3012,xc_B_l2000_rand_r2.exe
GB3013,xc_B_l2000_rand_r4.exe
GB3014,xc_B_l2000_rand_r5.exe
GB3015,xc_B_l200_r2.exe
GB3016,xc_B_l200_r3.exe
GB3017,xc_B_l200_rand_r3.exe
GB3018,xc_B_l200_rand_r4.exe
GB3019,xc_B_l500_r0.exe
GB3020,xc_B_l500_r3.exe
GB3021,xc_B_l500_r4.exe
GB3022,xc_B_l500_r5.exe
GB3023,xc_B_l500_rand_r0.exe
GB3024,xc_B_l50_r1.exe
GB3025,xc_B_l50_r3.exe
GB3026,xc_B_l50_rand_r0.exe
GB3027,xc_B_l50_rand_r4.exe
GB3028,xc_C_l1000_imp_r1.exe
GB3029,xc_C_l1000_r1.exe
GB3030,xc_C_l1000_r3.exe
GB3031,xc_C_l1000_r4.exe
GB3032,xc_C_l1000_r5.exe
GB3033,xc_C_l1000_rand_r1.exe
GB3034,xc_C_l1000_rand_r2.exe
GB3035,xc_C_l1000_rand_r3.exe
GB3036,xc_C_l2000_imp_r1.exe
GB3037,xc_C_l2000_r2.exe
GB3038,xc_C_l2000_r4.exe
GB3039,xc_C_l2000_r5.exe
GB3040,xc_C_l2000_rand_r1.exe
GB3041,xc_C_l2000_rand_r2.exe
GB3042,xc_C_l2000_rand_r5.exe
GB3043,xc_C_l200_imp_r0.exe
GB3044,xc_C_l200_r2.exe
GB3045,xc_C_l200_r5.exe
GB3046,xc_C_l200_rand_r1.exe
GB3047,xc_C_l200_rand_r2.exe
GB3048,xc_C_l200_rand_r5.exe
GB3049,xc_C_l200_t0_r4.exe
GB3050,xc_C_l200_t1_r0.exe
GB3051,xc_C_l200_t1_r1.exe
GB3052,xc_C_l200_t1_r2.exe
GB3053,xc_C_l200_t1_r3.exe
GB3054,xc_C_l200_t2_r0.exe
GB3055,xc_C_l200_t2_r2.exe
GB3056,xc_C_l200_t2_r3.exe
GB3057,xc_C_l200_t3_r2.exe
GB3058,xc_C_l200_t3_r4.exe
GB3059,xc_C_l500_imp_r0.exe
GB3060,xc_C_l500_r0.exe
GB3061,xc_C_l500_r1.exe
GB3062,xc_C_l500_r3.exe
GB3063,xc_C_l500_r4.exe
GB3064,xc_C_l500_r5.exe
GB3065,xc_C_l500_rand_r1.exe
GB3066,xc_C_l500_rand_r2.exe
GB3067,xc_C_l500_rand_r4.exe
GB3068,xc_C_l500_rand_r5.exe
GB3069,xc_C_l50_imp_r0.exe
GB3070,xc_C_l50_r0.exe
GB3071,xc_C_l50_r3.exe
GB3072,xc_C_l50_r4.exe
GB3073,xc_C_l50_r5.exe
GB3074,xc_C_l50_rand_r0.exe
GB3075,xc_C_l50_rand_r2.exe
GB3076,xc_C_l50_rand_r3.exe
GB3077,xc_C_l50_rand_r5.exe
GB3078,xc_D_l1000_imp_r1.exe
GB3079,xc_D_l1000_r1.exe
GB3080,xc_D_l1000_r2.exe
GB3081,xc_D_l1000_r3.exe
GB3082,xc_D_l1000_r4.exe
GB3083,xc_D_l1000_r5.exe
GB3084,xc_D_l1000_rand_r0.exe
GB3085,xc_D_l1000_rand_r1.exe
GB3086,xc_D_l1000_rand_r2.exe
GB3087,xc_D_l1000_rand_r3.exe
GB3088,xc_D_l1000_rand_r4.exe
GB3089,xc_D_l1000_rand_r5.exe
GB3090,xc_D_l2000_imp_r1.exe
GB3091,xc_D_l2000_r0.exe
GB3092,xc_D_l2000_r1.exe
GB3093,xc_D_l2000_r2.exe
GB3094,xc_D_l2000_rand_r2.exe
GB3095,xc_D_l2000_rand_r5.exe
GB3096,xc_D_l200_imp_r0.exe
GB3097,xc_D_l200_r0.exe
GB3098,xc_D_l200_r3.exe
GB3099,xc_D_l200_r4.exe
GB3100,xc_D_l200_r5.exe
GB3101,xc_D_l200_rand_r0.exe
GB3102,xc_D_l200_rand_r1.exe
GB3103,xc_D_l200_rand_r2.exe
GB3104,xc_D_l200_rand_r3.exe
GB3105,xc_D_l200_rand_r4.exe
GB3106,xc_D_l200_t0_r0.exe
GB3107,xc_D_l200_t0_r1.exe
GB3108,xc_D_l200_t0_r2.exe
GB3109,xc_D_l200_t0_r3.exe
GB3110,xc_D_l200_t0_r4.exe
GB3111,xc_D_l200_t1_r0.exe
GB3112,xc_D_l200_t1_r1.exe
GB3113,xc_D_l200_t1_r2.exe
GB3114,xc_D_l200_t1_r3.exe
GB3115,xc_D_l200_t1_r4.exe
GB3116,xc_D_l200_t2_r0.exe
GB3117,xc_D_l200_t2_r4.exe
GB3118,xc_D_l200_t3_r1.exe
GB3119,xc_D_l200_t3_r3.exe
GB3120,xc_D_l200_t3_r4.exe
GB3121,xc_D_l500_imp_r0.exe
GB3122,xc_D_l500_imp_r1.exe
GB3123,xc_D_l500_r4.exe
GB3124,xc_D_l500_rand_r1.exe
GB3125,xc_D_l500_rand_r3.exe
GB3126,xc_D_l50_imp_r1.exe
GB3127,xc_D_l50_r0.exe
GB3128,xc_D_l50_r1.exe
GB3129,xc_D_l50_r2.exe
GB3130,xc_D_l50_r3.exe
GB3131,xc_D_l50_r4.exe
GB3132,xc_D_l50_rand_r0.exe
GB3133,xc_D_l50_rand_r2.exe
GB3134,xc_D_l50_rand_r3.exe
GB3135,xc_E_l1000_r1.exe
GB3136,xc_E_l1000_r2.exe
GB3137,xc_E_l1000_r4.exe
GB3138,xc_E_l1000_r5.exe
GB3139,xc_E_l1000_rand_r0.exe
GB3140,xc_E_l1000_rand_r3.exe
GB3141,xc_E_l2000_r0.exe
GB3142,xc_E_l2000_r1.exe
GB3143,xc_E_l2000_r3.exe
GB3144,xc_E_l2000_r4.exe
GB3145,xc_E_l2000_r5.exe
GB3146,xc_E_l2000_rand_r0.exe
GB3147,xc_E_l2000_rand_r1.exe
GB3148,xc_E_l200_r1.exe
GB3149,xc_E_l200_r5.exe
GB3150,xc_E_l200_rand_r0.exe
GB3151,xc_E_l200_rand_r1.exe
GB3152,xc_E_l200_rand_r4.exe
GB3153,xc_E_l200_rand_r5.exe
GB3154,xc_E_l500_r1.exe
GB3155,xc_E_l500_r2.exe
GB3156,xc_E_l500_r4.exe
GB3157,xc_E_l500_r5.exe
GB3158,xc_E_l500_rand_r0.exe
GB3159,xc_E_l500_rand_r1.exe
GB3160,xc_E_l500_rand_r3.exe
GB3161,xc_E_l50_r1.exe
GB3162,xc_E_l50_r3.exe
GB3163,xc_E_l50_rand_r0.exe
GB3164,xc_E_l50_rand_r1.exe
GB3165,xc_E_l50_rand_r2.exe
GB3166,xc_E_l50_rand_r3.exe
GB3167,xc_F_l1000_r0.exe
GB3168,xc_F_l1000_r3.exe
GB3169,xc_F_l1000_r4.exe
GB3170,xc_F_l1000_rand_r0.exe
GB3171,xc_F_l1000_rand_r1.exe
GB3172,xc_F_l1000_rand_r2.exe
GB3173,xc_F_l1000_rand_r4.exe
GB3174,xc_F_l1000_rand_r5.exe
GB3175,xc_F_l2000_r0.exe
GB3176,xc_F_l2000_r1.exe
GB3177,xc_F_l2000_r3.exe
GB3178,xc_F_l2000_rand_r0.exe
GB3179,xc_F_l2000_rand_r2.exe
GB3180,xc_F_l2000_rand_r5.exe
GB3181,xc_F_l200_r0.exe
GB3182,xc_F_l200_r2.exe
GB3183,xc_F_l200_r3.exe
GB3184,xc_F_l200_r4.exe
GB3185,xc_F_l200_r5.exe
GB3186,xc_F_l200_rand_r0.exe
GB3187,xc_F_l200_rand_r2.exe
GB3188,xc_F_l200_rand_r3.exe
GB3189,xc_F_l200_rand_r4.exe
GB3190,xc_F_l500_rand_r1.exe
GB3191,xc_F_l500_rand_r3.exe
GB3192,xc_F_l500_rand_r4.exe
GB3193,xc_F_l50_r2.exe
GB3194,xc_F_l50_r5.exe
GB3195,xc_F_l50_rand_r0.exe
GB3196,xc_F_l50_rand_r2.exe
GB3197,xc_F_l50_rand_r4.exe
GB3198,xc_F_l50_rand_r5.exe
GB3199,xc_H_l1000_r0.exe
GB3200,xc_H_l1000_r2.exe
GB3201,xc_H_l1000_r3.exe
GB3202,xc_H_l1000_r5.exe
GB3203,xc_H_l1000_rand_r3.exe
GB3204,xc_H_l2000_imp_r1.exe
GB3205,xc_H_l2000_r2.exe
GB3206,xc_H_l2000_rand_r0.exe
GB3207,xc_H_l2000_rand_r2.exe
GB3208,xc_H_l2000_rand_r4.exe
GB3209,xc_H_l200_imp_r0.exe
GB3210,xc_H_l200_r0.exe
GB3211,xc_H_l200_r3.exe
GB3212,xc_H_l200_r4.exe
GB3213,xc_H_l200_r5.exe
GB3214,xc_H_l200_rand_r1.exe
GB3215,xc_H_l200_rand_r2.exe
GB3216,xc_H_l200_rand_r5.exe
GB3217,xc_H_l200_t0_r3.exe
GB3218,xc_H_l200_t1_r1.exe
GB3219,xc_H_l200_t1_r4.exe
GB3220,xc_H_l200_t2_r3.exe
GB3221,xc_H_l200_t3_r2.exe
GB3222,xc_H_l200_t3_r3.exe
GB3223,xc_H_l500_r0.exe
GB3224,xc_H_l500_r2.exe
GB3225,xc_H_l500_rand_r1.exe
GB3226,xc_H_l500_rand_r2.exe
GB3227,xc_H_l500_rand_r3.exe
GB3228,xc_H_l500_rand_r4.exe
GB3229,xc_H_l50_imp_r1.exe
GB3230,xc_H_l50_r3.exe
GB3231,xc_H_l50_r5.exe
GB3232,xc_H_l50_rand_r1.exe
GB3233,xc_I_l1000_r2.exe
GB3234,xc_I_l1000_rand_r0.exe
GB3235,xc_I_l1000_rand_r1.exe
GB3236,xc_I_l1000_rand_r4.exe
GB3237,xc_I_l2000_r0.exe
GB3238,xc_I_l2000_r1.exe
GB3239,xc_I_l2000_r2.exe
GB3240,xc_I_l2000_r4.exe
GB3241,xc_I_l2000_rand_r0.exe
GB3242,xc_I_l2000_rand_r1.exe
GB3243,xc_I_l2000_rand_r2.exe
GB3244,xc_I_l2000_rand_r4.exe
GB3245,xc_I_l200_r3.exe
GB3246,xc_I_l200_r4.exe
GB3247,xc_I_l200_r5.exe
GB3248,xc_I_l200_rand_r0.exe
GB3249,xc_I_l200_rand_r2.exe
GB3250,xc_I_l200_rand_r4.exe
GB3251,xc_I_l200_rand_r5.exe
GB3252,xc_I_l500_r0.exe
GB3253,xc_I_l500_r1.exe
GB3254,xc_I_l500_r2.exe
GB3255,xc_I_l500_r4.exe
GB3256,xc_I_l500_r5.exe
GB3257,xc_I_l500_rand_r1.exe
GB3258,xc_I_l500_rand_r2.exe
GB3259,xc_I_l500_rand_r3.exe
GB3260,xc_I_l50_r2.exe
GB3261,xc_I_l50_r3.exe
GB3262,xc_I_l50_r4.exe
GB3263,xc_I_l50_r5.exe
GB3264,xc_I_l50_rand_r0.exe
GB3265,xc_I_l50_rand_r1.exe
GB3266,xc_I_l50_rand_r2.exe
GB3267,xc_I_l50_rand_r3.exe
GB3268,xc_J_l1000_r1.exe
GB3269,xc_J_l1000_r2.exe
GB3270,xc_J_l1000_r3.exe
GB3271,xc_J_l1000_rand_r3.exe
GB3272,xc_J_l1000_rand_r4.exe
GB3273,xc_J_l2000_r4.exe
GB3274,xc_J_l2000_r5.exe
GB3275,xc_J_l2000_rand_r0.exe
GB3276,xc_J_l2000_rand_r1.exe
GB3277,xc_J_l2000_rand_r3.exe
GB3278,xc_J_l200_r1.exe
GB3279,xc_J_l200_r3.exe
GB3280,xc_J_l200_r4.exe
GB3281,xc_J_l200_rand_r1.exe
GB3282,xc_J_l200_rand_r2.exe
GB3283,xc_J_l200_rand_r5.exe
GB3284,xc_J_l500_r5.exe
GB3285,xc_J_l500_rand_r2.exe
GB3286,xc_J_l50_r4.exe
GB3287,xc_J_l50_r5.exe
GB3288,xc_J_l50_rand_r0.exe
GB3289,xc_J_l50_rand_r4.exe
GB3290,xc_K_l1000_r0.exe
GB3291,xc_K_l1000_r5.exe
GB3292,xc_K_l1000_rand_r1.exe
GB3293,xc_K_l1000_rand_r2.exe
GB3294,xc_K_l1000_rand_r3.exe
GB3295,xc_K_l1000_rand_r4.exe
GB3296,xc_K_l1000_rand_r5.exe
GB3297,xc_K_l2000_r5.exe
GB3298,xc_K_l2000_rand_r3.exe
GB3299,xc_K_l2000_rand_r5.exe
GB3300,xc_K_l200_r0.exe
GB3301,xc_K_l200_r2.exe
GB3302,xc_K_l200_r5.exe
GB3303,xc_K_l200_rand_r0.exe
GB3304,xc_K_l200_rand_r1.exe
GB3305,xc_K_l200_rand_r2.exe
GB3306,xc_K_l200_rand_r3.exe
GB3307,xc_K_l200_rand_r4.exe
GB3308,xc_K_l500_r0.exe
GB3309,xc_K_l500_r1.exe
GB3310,xc_K_l500_r4.exe
GB3311,xc_K_l500_r5.exe
GB3312,xc_K_l500_rand_r0.exe
GB3313,xc_K_l500_rand_r1.exe
GB3314,xc_K_l500_rand_r2.exe
GB3315,xc_K_l50_r1.exe
GB3316,xc_K_l50_r2.exe
GB3317,xc_K_l50_r3.exe
GB3318,xc_K_l50_r4.exe
GB3319,xc_K_l50_r5.exe
GB3320,xc_K_l50_rand_r1.exe
GB3321,xc_K_l50_rand_r4.exe
GB3322,xgo_A_l1000_r0.exe
GB3323,xgo_A_l1000_r1.exe
GB3324,xgo_A_l2000_r0.exe
GB3325,xgo_A_l2000_r1.exe
GB3326,xgo_A_l200_r0.exe
GB3327,xgo_A_l200_r1.exe
GB3328,xgo_A_l500_r0.exe
GB3329,xgo_A_l50_r0.exe
GB3330,xgo_A_l50_r1.exe
GB3331,xgo_B_l1000_r0.exe
GB3332,xgo_B_l1000_r1.exe
GB3333,xgo_B_l2000_r1.exe
GB3334,xgo_B_l200_r1.exe
GB3335,xgo_B_l500_r0.exe
GB3336,xgo_B_l50_r0.exe
GB3337,xgo_C_l1000_r0.exe
GB3338,xgo_C_l1000_r1.exe
GB3339,xgo_C_l200_r1.exe
GB3340,xgo_C_l500_r0.exe
GB3341,xgo_C_l500_r1.exe
GB3342,xgo_D_l2000_r0.exe
GB3343,xgo_D_l200_r0.exe
GB3344,xgo_D_l500_r0.exe
GB3345,xgo_D_l500_r1.exe
GB3346,xgo_E_l1000_r1.exe
GB3347,xgo_E_l2000_r0.exe
GB3348,xgo_E_l500_r0.exe
GB3349,xgo_E_l50_r0.exe
GB3350,xgo_E_l50_r1.exe
GB3351,xgo_F_l2000_r1.exe
GB3352,xgo_F_l200_r0.exe
GB3353,xgo_F_l500_r0.exe
GB3354,xgo_F_l500_r1.exe
GB3355,xgo_F_l50_r0.exe
GB3356,xgo_H_l2000_r0.exe
GB3357,xgo_H_l2000_r1.exe
GB3358,xgo_H_l200_r0.exe
GB3359,xgo_H_l500_r1.exe
GB3360,xgo_H_l50_r0.exe
GB3361,xgo_I_l1000_r0.exe
GB3362,xgo_I_l1000_r1.exe
GB3363,xgo_I_l2000_r0.exe
GB3364,xgo_I_l500_r1.exe
GB3365,xgo_J_l1000_r1.exe
GB3366,xgo_J_l2000_r0.exe
GB3367,xgo_J_l200_r0.exe
GB3368,xgo_J_l500_r0.exe
GB3369,xgo_K_l2000_r1.exe
GB3370,xgo_K_l200_r1.exe
GB3371,xgo_K_l50_r0.exe
GB3372,xrust_A_l1000_r0.exe
GB3373,xrust_A_l2000_r0.exe
GB3374,xrust_A_l2000_r1.exe
GB3375,xrust_A_l200_r0.exe
GB3376,xrust_A_l500_r0.exe
GB3377,xrust_A_l500_r1.exe
GB3378,xrust_A_l50_r0.exe
GB3379,xrust_B_l2000_r0.exe
GB3380,xrust_B_l2000_r1.exe
GB3381,xrust_B_l200_r1.exe
GB3382,xrust_B_l50_r0.exe
GB3383,xrust_B_l50_r1.exe
GB3384,xrust_C_l500_r0.exe
GB3385,xrust_C_l500_r1.exe
GB3386,xrust_C_l50_r1.exe
GB3387,xrust_D_l1000_r1.exe
GB3388,xrust_D_l2000_r1.exe
GB3389,xrust_D_l200_r1.exe
GB3390,xrust_D_l500_r1.exe
GB3391,xrust_E_l1000_r0.exe
GB3392,xrust_E_l1000_r1.exe
GB3393,xrust_E_l200_r1.exe
GB3394,xrust_E_l500_r0.exe
GB3395,xrust_E_l50_r1.exe
GB3396,xrust_F_l1000_r0.exe
GB3397,xrust_F_l500_r0.exe
GB3398,xrust_F_l500_r1.exe
GB3399,xrust_F_l50_r1.exe
GB3400,xrust_H_l1000_r0.exe
GB3401,xrust_H_l1000_r1.exe
GB3402,xrust_H_l200_r0.exe
GB3403,xrust_H_l200_r1.exe
GB3404,xrust_H_l500_r0.exe
GB3405,xrust_H_l50_r0.exe
GB3406,xrust_H_l50_r1.exe
GB3407,xrust_I_l1000_r0.exe
GB3408,xrust_I_l1000_r1.exe
GB3409,xrust_I_l2000_r0.exe
GB3410,xrust_I_l2000_r1.exe
GB3411,xrust_I_l500_r0.exe
GB3412,xrust_J_l1000_r0.exe
GB3413,xrust_J_l2000_r0.exe
GB3414,xrust_J_l2000_r1.exe
GB3415,xrust_J_l200_r0.exe
GB3416,xrust_J_l500_r0.exe
GB3417,xrust_J_l50_r1.exe
GB3418,xrust_K_l2000_r1.exe
GB3419,xrust_K_l200_r0.exe
GB3420,xrust_K_l200_r1.exe
GB3421,xrust_K_l500_r1.exe
O4486,xc_A_l2000_r0.exe
O4487,xc_A_l2000_r1.exe
O4488,xc_A_l2000_r3.exe
O4489,xc_A_l2000_rand_r4.exe
O4490,xc_A_l200_r2.exe
O4491,xc_A_l200_rand_r1.exe
O4492,xc_A_l200_rand_r2.exe
O4493,xc_A_l200_rand_r3.exe
O4494,xc_A_l500_r4.exe
O4495,xc_A_l500_rand_r0.exe
O4496,xc_A_l500_rand_r2.exe
O4497,xc_A_l500_rand_r4.exe
O4498,xc_B_l2000_r1.exe
O4499,xc_B_l2000_r3.exe
O4500,xc_B_l2000_rand_r2.exe
O4501,xc_B_l2000_rand_r4.exe
O4502,xc_B_l200_r0.exe
O4503,xc_B_l200_r1.exe
O4504,xc_B_l200_r2.exe
O4505,xc_B_l200_r3.exe
O4506,xc_B_l200_r4.exe
O4507,xc_B_l200_rand_r2.exe
O4508,xc_B_l200_rand_r3.exe
O4509,xc_B_l200_rand_r4.exe
O4510,xc_B_l500_r2.exe
O4511,xc_B_l500_r3.exe
O4512,xc_B_l500_rand_r1.exe
O4513,xc_B_l500_rand_r2.exe
O4514,xc_B_l500_rand_r3.exe
O4515,xc_C_l2000_r0.exe
O4516,xc_C_l2000_r1.exe
O4517,xc_C_l2000_r2.exe
O4518,xc_C_l2000_r3.exe
O4519,xc_C_l2000_r4.exe
O4520,xc_C_l2000_rand_r1.exe
O4521,xc_C_l2000_rand_r4.exe
O4522,xc_C_l200_r0.exe
O4523,xc_C_l200_rand_r4.exe
O4524,xc_C_l500_r3.exe
O4525,xc_C_l500_rand_r1.exe
O4526,xc_C_l500_rand_r2.exe
O4527,xc_D_l2000_r1.exe
O4528,xc_D_l2000_r3.exe
O4529,xc_D_l2000_r4.exe
O4530,xc_D_l2000_rand_r1.exe
O4531,xc_D_l2000_rand_r2.exe
O4532,xc_D_l2000_rand_r3.exe
O4533,xc_D_l2000_rand_r4.exe
O4534,xc_D_l200_r1.exe
O4535,xc_D_l200_rand_r0.exe
O4536,xc_D_l200_rand_r2.exe
O4537,xc_D_l200_rand_r4.exe
O4538,xc_D_l500_r0.exe
O4539,xc_D_l500_r2.exe
O4540,xc_D_l500_r4.exe
O4541,xc_D_l500_rand_r1.exe
O4542,xc_D_l500_rand_r3.exe
O4543,xc_D_l500_rand_r4.exe
O4544,xc_E_l2000_rand_r1.exe
O4545,xc_E_l200_r2.exe
O4546,xc_E_l500_r0.exe
O4547,xc_E_l500_r1.exe
O4548,xc_E_l500_r2.exe
O4549,xc_E_l500_r3.exe
O4550,xc_E_l500_r4.exe
O4551,xc_E_l500_rand_r0.exe
O4552,xc_E_l500_rand_r1.exe
O4553,xc_E_l500_rand_r2.exe
O4554,xc_F_l2000_r0.exe
O4555,xc_F_l2000_r1.exe
O4556,xc_F_l2000_r2.exe
O4557,xc_F_l2000_r4.exe
O4558,xc_F_l2000_rand_r0.exe
O4559,xc_F_l2000_rand_r1.exe
O4560,xc_F_l2000_rand_r3.exe
O4561,xc_F_l200_r0.exe
O4562,xc_F_l200_r1.exe
O4563,xc_F_l200_r2.exe
O4564,xc_F_l200_r3.exe
O4565,xc_F_l200_r4.exe
O4566,xc_F_l200_rand_r1.exe
O4567,xc_F_l200_rand_r2.exe
O4568,xc_F_l500_r0.exe
O4569,xc_F_l500_r1.exe
O4570,xc_F_l500_r2.exe
O4571,xc_F_l500_r3.exe
O4572,xc_F_l500_r4.exe
O4573,xc_F_l500_rand_r2.exe
O4574,xc_F_l500_rand_r3.exe
O4575,xc_F_l500_rand_r4.exe
O4576,xc_H_l2000_r0.exe
O4577,xc_H_l2000_r1.exe
O4578,xc_H_l2000_r3.exe
O4579,xc_H_l2000_rand_r1.exe
O4580,xc_H_l2000_rand_r2.exe
O4581,xc_H_l2000_rand_r3.exe
O4582,xc_H_l200_r1.exe
O4583,xc_H_l200_r2.exe
O4584,xc_H_l200_r4.exe
O4585,xc_H_l200_rand_r0.exe
O4586,xc_H_l200_rand_r4.exe
O4587,xc_H_l500_r0.exe
O4588,xc_H_l500_r2.exe
O4589,xc_H_l500_r3.exe
O4590,xc_H_l500_rand_r1.exe
O4591,xc_H_l500_rand_r3.exe
O4592,xc_H_l500_rand_r4.exe
O4593,xc_I_l2000_r1.exe
O4594,xc_I_l2000_rand_r0.exe
O4595,xc_I_l2000_rand_r1.exe
O4596,xc_I_l2000_rand_r2.exe
O4597,xc_I_l2000_rand_r3.exe
O4598,xc_I_l200_r0.exe
O4599,xc_I_l200_r1.exe
O4600,xc_I_l200_r4.exe
O4601,xc_I_l200_rand_r3.exe
O4602,xc_I_l500_r3.exe
O4603,xc_I_l500_rand_r0.exe
O4604,xc_I_l500_rand_r1.exe
O4605,xc_I_l500_rand_r2.exe
O4606,xc_I_l500_rand_r3.exe
O4607,xc_J_l2000_r0.exe
O4608,xc_J_l2000_r1.exe
O4609,xc_J_l2000_r2.exe
O4610,xc_J_l2000_r3.exe
O4611,xc_J_l2000_rand_r2.exe
O4612,xc_J_l2000_rand_r3.exe
O4613,xc_J_l200_r1.exe
O4614,xc_J_l200_r3.exe
O4615,xc_J_l200_rand_r0.exe
O4616,xc_J_l200_rand_r2.exe
O4617,xc_J_l200_rand_r3.exe
O4618,xc_J_l500_r2.exe
O4619,xc_J_l500_rand_r1.exe
O4620,xc_K_l2000_r0.exe
O4621,xc_K_l2000_r1.exe
O4622,xc_K_l2000_r2.exe
O4623,xc_K_l2000_r3.exe
O4624,xc_K_l2000_rand_r0.exe
O4625,xc_K_l2000_rand_r4.exe
O4626,xc_K_l200_r0.exe
O4627,xc_K_l200_r3.exe
O4628,xc_K_l200_r4.exe
O4629,xc_K_l200_rand_r0.exe
O4630,xc_K_l200_rand_r3.exe
O4631,xc_K_l500_r0.exe
O4632,xc_K_l500_r1.exe
O4633,xc_K_l500_r4.exe
O4634,xc_K_l500_rand_r2.exe
O4635,xc_K_l500_rand_r3.exe
OB3422,xc_A_l2000_r2.exe
OB3423,xc_A_l2000_r4.exe
OB3424,xc_A_l2000_rand_r0.exe
OB3425,xc_A_l2000_rand_r1.exe
OB3426,xc_A_l2000_rand_r2.exe
OB3427,xc_A_l2000_rand_r3.exe
OB3428,xc_A_l200_r0.exe
OB3429,xc_A_l200_r1.exe
OB3430,xc_A_l200_r3.exe
OB3431,xc_A_l200_r4.exe
OB3432,xc_A_l200_rand_r0.exe
OB3433,xc_A_l200_rand_r4.exe
OB3434,xc_A_l500_r0.exe
OB3435,xc_A_l500_r1.exe
OB3436,xc_A_l500_r2.exe
OB3437,xc_A_l500_r3.exe
OB3438,xc_A_l500_rand_r1.exe
OB3439,xc_A_l500_rand_r3.exe
OB3440,xc_B_l2000_r0.exe
OB3441,xc_B_l2000_r2.exe
OB3442,xc_B_l2000_r4.exe
OB3443,xc_B_l2000_rand_r0.exe
OB3444,xc_B_l2000_rand_r1.exe
OB3445,xc_B_l2000_rand_r3.exe
OB3446,xc_B_l200_rand_r0.exe
OB3447,xc_B_l200_rand_r1.exe
OB3448,xc_B_l500_r0.exe
OB3449,xc_B_l500_r1.exe
OB3450,xc_B_l500_r4.exe
OB3451,xc_B_l500_rand_r0.exe
OB3452,xc_B_l500_rand_r4.exe
OB3453,xc_C_l2000_rand_r0.exe
OB3454,xc_C_l2000_rand_r2.exe
OB3455,xc_C_l2000_rand_r3.exe
OB3456,xc_C_l200_r1.exe
OB3457,xc_C_l200_r2.exe
OB3458,xc_C_l200_r3.exe
OB3459,xc_C_l200_r4.exe
OB3460,xc_C_l200_rand_r0.exe
OB3461,xc_C_l200_rand_r1.exe
OB3462,xc_C_l200_rand_r2.exe
OB3463,xc_C_l200_rand_r3.exe
OB3464,xc_C_l500_r0.exe
OB3465,xc_C_l500_r1.exe
OB3466,xc_C_l500_r2.exe
OB3467,xc_C_l500_r4.exe
OB3468,xc_C_l500_rand_r0.exe
OB3469,xc_C_l500_rand_r3.exe
OB3470,xc_C_l500_rand_r4.exe
OB3471,xc_D_l2000_r0.exe
OB3472,xc_D_l2000_r2.exe
OB3473,xc_D_l2000_rand_r0.exe
OB3474,xc_D_l200_r0.exe
OB3475,xc_D_l200_r2.exe
OB3476,xc_D_l200_r3.exe
OB3477,xc_D_l200_r4.exe
OB3478,xc_D_l200_rand_r1.exe
OB3479,xc_D_l200_rand_r3.exe
OB3480,xc_D_l500_r1.exe
OB3481,xc_D_l500_r3.exe
OB3482,xc_D_l500_rand_r0.exe
OB3483,xc_D_l500_rand_r2.exe
OB3484,xc_E_l2000_r0.exe
OB3485,xc_E_l2000_r1.exe
OB3486,xc_E_l2000_r2.exe
OB3487,xc_E_l2000_r3.exe
OB3488,xc_E_l2000_r4.exe
OB3489,xc_E_l2000_rand_r0.exe
OB3490,xc_E_l2000_rand_r2.exe
OB3491,xc_E_l2000_rand_r3.exe
OB3492,xc_E_l2000_rand_r4.exe
OB3493,xc_E_l200_r0.exe
OB3494,xc_E_l200_r1.exe
OB3495,xc_E_l200_r3.exe
OB3496,xc_E_l200_r4.exe
OB3497,xc_E_l200_rand_r0.exe
OB3498,xc_E_l200_rand_r1.exe
OB3499,xc_E_l200_rand_r2.exe
OB3500,xc_E_l200_rand_r3.exe
OB3501,xc_E_l200_rand_r4.exe
OB3502,xc_E_l500_rand_r3.exe
OB3503,xc_E_l500_rand_r4.exe
OB3504,xc_F_l2000_r3.exe
OB3505,xc_F_l2000_rand_r2.exe
OB3506,xc_F_l2000_rand_r4.exe
OB3507,xc_F_l200_rand_r0.exe
OB3508,xc_F_l200_rand_r3.exe
OB3509,xc_F_l200_rand_r4.exe
OB3510,xc_F_l500_rand_r0.exe
OB3511,xc_F_l500_rand_r1.exe
OB3512,xc_H_l2000_r2.exe
OB3513,xc_H_l2000_r4.exe
OB3514,xc_H_l2000_rand_r0.exe
OB3515,xc_H_l2000_rand_r4.exe
OB3516,xc_H_l200_r0.exe
OB3517,xc_H_l200_r3.exe
OB3518,xc_H_l200_rand_r1.exe
OB3519,xc_H_l200_rand_r2.exe
OB3520,xc_H_l200_rand_r3.exe
OB3521,xc_H_l500_r1.exe
OB3522,xc_H_l500_r4.exe
OB3523,xc_H_l500_rand_r0.exe
OB3524,xc_H_l500_rand_r2.exe
OB3525,xc_I_l2000_r0.exe
OB3526,xc_I_l2000_r2.exe
OB3527,xc_I_l2000_r3.exe
OB3528,xc_I_l2000_r4.exe
OB3529,xc_I_l2000_rand_r4.exe
OB3530,xc_I_l200_r2.exe
OB3531,xc_I_l200_r3.exe
OB3532,xc_I_l200_rand_r0.exe
OB3533,xc_I_l200_rand_r1.exe
OB3534,xc_I_l200_rand_r2.exe
OB3535,xc_I_l200_rand_r4.exe
OB3536,xc_I_l500_r0.exe
OB3537,xc_I_l500_r1.exe
OB3538,xc_I_l500_r2.exe
OB3539,xc_I_l500_r4.exe
OB3540,xc_I_l500_rand_r4.exe
OB3541,xc_J_l2000_r4.exe
OB3542,xc_J_l2000_rand_r0.exe
OB3543,xc_J_l2000_rand_r1.exe
OB3544,xc_J_l2000_rand_r4.exe
OB3545,xc_J_l200_r0.exe
OB3546,xc_J_l200_r2.exe
OB3547,xc_J_l200_r4.exe
OB3548,xc_J_l200_rand_r1.exe
OB3549,xc_J_l200_rand_r4.exe
OB3550,xc_J_l500_r0.exe
OB3551,xc_J_l500_r1.exe
OB3552,xc_J_l500_r3.exe
OB3553,xc_J_l500_r4.exe
OB3554,xc_J_l500_rand_r0.exe
OB3555,xc_J_l500_rand_r2.exe
OB3556,xc_J_l500_rand_r3.exe
OB3557,xc_J_l500_rand_r4.exe
OB3558,xc_K_l2000_r4.exe
OB3559,xc_K_l2000_rand_r1.exe
OB3560,xc_K_l2000_rand_r2.exe
OB3561,xc_K_l2000_rand_r3.exe
OB3562,xc_K_l200_r1.exe
OB3563,xc_K_l200_r2.exe
OB3564,xc_K_l200_rand_r1.exe
OB3565,xc_K_l200_rand_r2.exe
OB3566,xc_K_l200_rand_r4.exe
OB3567,xc_K_l500_r2.exe
OB3568,xc_K_l500_r3.exe
OB3569,xc_K_l500_rand_r0.exe
OB3570,xc_K_l500_rand_r1.exe
OB3571,xc_K_l500_rand_r4.exe
I4663,brook_windows_amd64.exe
I4664,caesium-image-compre.exe
I4665,Captura-Setup.exe
I4666,clink.1.9.31.8c8e92_setup.exe
I4667,CompactGUI.exe
I4668,copyq-16.0.0-setup.exe
I4669,DashBeam_0.6.2_x64-setup.exe
I4670,FileMasta.Installer.Windows.exe
I4671,FlyingCarpet_10.0.1_.msi
I4672,fresh-gui-x86_64-pc-.exe
I4673,grepWin-2.1.12-x64.msi
I4674,gsudo.setup.x64.msi
I4675,gvim_9.2.0958_x64.exe
I4676,imessage-exporter-x8.exe
I4677,lepton.exe
I4678,LiteXL-v2.1.8-x86_64-setup.exe
I4679,mpv.net-v7.1.2.0-setup-x64.exe
I4680,OpenSSH-Win64-v10.0.0.0.msi
I4681,Picocrypt.exe
I4682,qbittorrent_5.2.3_x64_setup.exe
I4683,sbstck-dl-win-amd64.exe
I4684,Sigma-File-Manager-2.exe
I4685,TaskbarMonitorInstaller.exe
I4686,walk_windows_amd64.exe
I4687,wormhole-william-win.exe
I4688,YouTube-Music-Web-Se.exe
I4689,Git-2.55.0.4-64-bit.exe
I4690,AlgerMusicPlayer-5.1.exe
I4691,AlterSend-1.8.0.Setup.exe
I4692,arduino-ide_2.3.10_W.exe
I4693,AutoDarkMode_Setup_1.exe
I4694,coder_2.35.3_windows.exe
I4695,Cryptomator-1.19.3-x64.msi
I4696,Flow-Launcher-Setup.exe
I4697,graphql-playground-e.exe
I4698,gs10071w32.exe
I4699,KopiaUI-Setup-0.23.1.exe
I4700,LibreCAD-v2.2.1.5-wi.exe
I4701,marktext-win-x64-0.1.exe
I4702,meilisearch-windows-amd64.exe
I4703,MuseScore-Studio-4.7.msi
I4704,MusicFree-0.0.8-win3.exe
I4708,OpenRCT2-v0.5.4-wind.exe
I4710,Picturama.Setup.1.3.1.exe
I4711,PowerShell-7.6.5-win-x64.msi
I4731,novelwriter-26.1.2-a.exe
I4732,Onlook-setup.exe
I4733,opencv-5.0.0-windows.exe
I4734,orca-windows-setup.exe
I4735,Prowlarr.master.2.5..exe
I4736,QuickLook-4.5.0.exe
I4737,qutebrowser-3.7.0-amd64.exe
I4738,Radarr.master.6.3.0..exe
I4739,rememory-windows-amd64.exe
I4740,rocketchat-4.16.0-win-x64.exe
I4741,ShareX-21.0.0-setup-x64.exe
I4742,Simplenote-win-2.27.1-x64.exe
I4743,siyuan-3.8.1-win.exe
I4744,Sonarr.main.4.0.19.2.exe
I4745,SPlayer-3.1.1-x64-setup.exe
I4746,SubtitleEdit-Windows.exe
I4747,Umi-OCR_Rapid_v2.1.5.7z.exe
I4748,VeraCrypt_Setup_x64_1.26.29.msi
I4749,VSCodiumSetup-x64-1..exe
I4750,work_crawler-Setup-2.13.0.exe
I4751,xdm-setup.msi
I4752,YesPlayMusic-0.4.10.exe
I4753,Zettlr-4.7.0-x64.exe
IB3572,01_RapidRAW_v1.6.1_w.exe
IB3573,7z26.02-zstd-x64-ndm.exe
IB3574,batch-shipyard-3.9.1.exe
IB3575,BCUninstaller_6.2.0_setup.exe
IB3576,bewCloud.Desktop.Syn.exe
IB3577,bita-v0.14.0-x86_64-.exe
IB3578,BraveOriginSetup.exe
IB3579,DevPod_0.6.15_x64-setup.exe
IB3580,doublecmd-1.2.8.x86_.exe
IB3581,Far_3.0.6730.4962_x6.msi
IB3582,fluxy_0.1.17_x64-setup.exe
IB3583,gcm-win-x64-2.9.1.exe
IB3584,geany-2.1_setup.exe
IB3585,gimp-plugin-bimp_win32.exe
IB3586,gonc_windows_amd64.exe
IB3587,LANShare_1.2.1_setup-win64.exe
IB3588,Lapce-windows.msi
IB3589,Nuclear_1.47.1_x64-setup.exe
IB3590,nvm-setup.exe
IB3591,OmniSearch_0.1.16_x64-setup.exe
IB3592,pdu-x86_64-pc-windows-msvc.exe
IB3593,SABnzbd-5.1.0-win-setup.exe
IB3594,ScreenToGif.2.43.2.L.msi
IB3595,Setup-PicView-v5.0.4.exe
IB3596,systeminformer-3.2.2.exe
IB3597,Athas_0.11.0_x64-setup.exe
IB3598,calibre-64bit-9.13.0.msi
IB3599,Calibre-Web-V0627.exe
IB3600,dn-win.exe
IB3601,draw.io-ia32-31.1.8-.exe
IB3602,duplicati-2.3.0.4_st.msi
IB3603,extract.exe
IB3604,Feishin-1.15.1-win-x64.exe
IB3605,Ferdium-win-AutoSetu.exe
IB3606,Frame-x86_64.exe
IB3607,Joplin-Setup-3.6.15.exe
IB3608,Koodo-Reader-2.4.3-x64.exe
IB3609,librevault_v0.1.17.exe
IB3610,Lidarr.master.3.1.0..exe
IB3611,LightBulb-Installer.win-x64.exe
IB3612,listen1_2.33.0_win_x64.exe
IB3613,Logseq-win-x64-2.0.1-nsis.exe
IB3614,lx-music-desktop-v2..exe
IB3615,MailspringSetup.exe
IB3616,mRemoteNG-Installer-.msi
IB3617,Namida-x86_64-6.0.1-.exe
IB3618,OBS-Studio-32.2.2-Wi.exe
IB3619,Oni-0.3.9-ia32-win.exe
IB3620,PCSX2-v2.6.3-windows.exe
IB3621,podcast-dl-12.1.4-win-x64.exe
IB3622,Readest_0.12.1_x64-setup.exe
IB3623,rembg-cli-cpu-installer.exe
IB3624,RevitBatchProcessorS.exe
IB3625,Spacedrive-windows-x86_64.msi
IB3626,Spotube-windows-x86_.exe
IB3627,standard-notes-3.201.exe
IB3628,Sync-in-Desktop-2.2.1-x64.exe
IB3629,SyncTrayzorSetup-x64.exe
IB3630,Tautulli-windows-v2..exe
IB3631,TreeMap.3.1.0.exe
IB3632,tsetup-x64.7.0.9.exe
IB3633,ungoogled-chromium_1.exe
IB3634,wox-windows-amd64.exe
IB3635,xl-converter-win-1.2.exe
IB3636,xournalpp-1.3.7-wind.exe
IB3637,YouTube.Music.Deskto.exe
IB3638,Zed-x86_64.exe
W4636,w_attrib_hidden.bat
W4637,w_attrib_recursive.bat
W4638,w_certutil_hash.bat
W4639,w_certutil_hash_profile.bat
W4640,w_cipher_encrypt.bat
W4641,w_compact_compress.bat
W4642,w_compress_archive.bat
W4643,w_copy_loop.bat
W4644,w_dir_recursive.bat
W4645,w_fc_compare.bat
W4646,w_findstr_recursive.bat
W4647,w_forfiles_touch.bat
W4648,w_icacls_grant.bat
W4649,w_move_and_back.bat
W4650,w_ren_extension.bat
W4651,w_robocopy_mirror.bat
W4652,w_robocopy_mirror_desktop.bat
W4653,w_robocopy_move.bat
W4654,w_robocopy_progfiles.bat
W4655,w_robocopy_purge.bat
W4656,w_scratch_beside.bat
W4657,w_scratch_churn.bat
W4658,w_takeown_profile.bat
W4659,w_tar_archive.bat
W4660,w_type_all.bat
W4661,w_xcopy_desktop.bat
W4662,w_xcopy_tree.bat
