filename,repo,tag,bytes,sha256,url
01_RapidRAW_v1.6.1_windows_x64.exe,CyberTimon/RapidRAW,v1.6.1,17840236,ea0e46e8d8276e188222df19f9bf0f78154bb473076914f872600bd5b6ad237a,https://github.com/CyberTimon/RapidRAW/releases/download/v1.6.1/01_RapidRAW_v1.6.1_windows_x64.exe
7z26.02-zstd-x64-ndm.exe,mcmilk/7-Zip-zstd,v26.02-v1.5.7-R2,3262221,c84fa1bef4de48249bbdd5ecf7f6f24b0c1d9fcc1fb7644885af69d2cdee0446,https://github.com/mcmilk/7-Zip-zstd/releases/download/v26.02-v1.5.7-R2/7z26.02-zstd-x64-ndm.exe
AlgerMusicPlayer-5.1.0-win-x64.exe,algerkong/AlgerMusicPlayer,v5.1.0,119026696,a46e74cbb167df6968b6ca26313713c32e129925cfe164aef31743a9d46d3dac,https://github.com/algerkong/AlgerMusicPlayer/releases/download/v5.1.0/AlgerMusicPlayer-5.1.0-win-x64.exe
AlterSend-1.8.0.Setup.exe,denislupookov/altersend,v1.8.0,207527336,1a022a489fe27cbac40f74811665b324630512eb0b9d9b850cfb1192d8309ccf,https://github.com/denislupookov/altersend/releases/download/v1.8.0/AlterSend-1.8.0.Setup.exe
Athas_0.11.0_x64-setup.exe,athasdev/athas,v0.11.0,30040562,c9afa6bfa3e8d8c8e6110c60894f5f70ee3bf69c921f440163feb402f3db2819,https://github.com/athasdev/athas/releases/download/v0.11.0/Athas_0.11.0_x64-setup.exe
AutoDarkMode_Setup_11.1.1.1_x86.exe,,,110719920,89bcc3d49f87a5f7dfd245fa366ea426039111fed7e3de44b5cbfc1c2871508a,
AutoHotkey_2.0.26_setup.exe,,,3072000,2bf1b89b1047136490fc321d2fdc988b42dd86f693eea7872746ac6adf722bc3,
BCUninstaller_6.2.0_setup.exe,,,9221652,f0a28736925efb89146a1259ecdd08904a92d2d8ee42a3aed1f9b3ccbf0cd28a,
BraveOriginSetup.exe,,,1276768,77c5ea192ca11110df6e16578369669c723f407c035f48a4a25bb8e078afd7cf,
Calibre-Web-V0627.exe,janeczku/calibre-web,0.6.27,50498839,f99fbca8aaeb63bbe2015ef47c64a2a64e7293ff60140a0589987bea7e4cdf6c,https://github.com/janeczku/calibre-web/releases/download/0.6.27/Calibre-Web-V0627.exe
Captura-Setup.exe,MathewSachin/Captura,v8.0.0,2572408,23d77a8e53130e250909e66851a34e1e208c8087999c89ba210d45889349f87d,https://github.com/MathewSachin/Captura/releases/download/v8.0.0/Captura-Setup.exe
CompactGUI.exe,IridiumIO/CompactGUI,v4.0.0-beta.7,9115677,9696143759d85cc6d5ecf14453f6d4754ae465515023d7fedd0291f73f51a1e4,https://github.com/IridiumIO/CompactGUI/releases/download/v4.0.0-beta.7/CompactGUI.exe
ConEmu_230724_English.paf.exe,,,4828488,0c9248e1a2de5f09d5cc49ac9ea2f8a680fcdc165c292c732cee68a13af1e892,
Cryptomator-1.19.3-x64.msi,,,56815616,e303cced835e1a8a1041580eeaea3b7b3658c348d77ea53a108a95926625c41a,
DB.Browser.for.SQLite-v3.13.1-win64.msi,,,19857408,d023d54b3a5db10c7e896089bb3dbe6e7f4bc4eaa9bbecb34ca414be5970f688,
DashBeam_0.6.2_x64-setup.exe,tonyantony300/dashbeam,v0.6.2,10255233,722b007a932d17b0e8e9cc908b98b46e4962e9e23d785d5c89f5d2e2d6e88e35,https://github.com/tonyantony300/dashbeam/releases/download/v0.6.2/DashBeam_0.6.2_x64-setup.exe
DevPod_0.6.15_x64-setup.exe,loft-sh/devpod,v0.6.15,22769488,2e60596eca13ce54333c268d51ef97b841c6c696aaf694ea236ed727ac6fd4c0,https://github.com/loft-sh/devpod/releases/download/v0.6.15/DevPod_0.6.15_x64-setup.exe
Espanso-Win-Installer-x86_64.exe,,,7280544,2301f98fe5516720528606318b6a05f9f5d142eaaca9e0e397337015d288b415,
EverythingToolbar-3.2.0-x64.exe,,,18402788,fc512c667fc9960a94a62fa590f20b0e42d4b1f354a2cfdbdde24101f867b8dc,
Far_3.0.6730.4962_x64_20260816_af8f648.msi,FarGroup/FarManager,ci/v3.0.6730.4962,15020032,3d2641b436f9a09f7721d4270aa9af15a89b8a884fe26eb051a3e677a8cf0430,https://github.com/FarGroup/FarManager/releases/download/ci/v3.0.6730.4962/Far_3.0.6730.4962_x64_20260816_af8f648.msi
Feishin-1.15.1-win-x64.exe,jeffvli/feishin,v1.15.1,170102424,8b1cd75531cfe461fe8a0700c4967c5a1c17837e01e31cf02fd36bd3aa52ae20,https://github.com/jeffvli/feishin/releases/download/v1.15.1/Feishin-1.15.1-win-x64.exe
Ferdium-win-AutoSetup-7.1.2-x64.exe,,,113965774,724a656c92d77d74650efd18fd60b1f11840bfe4531321b2bcd6cf27c9bc7865,
FileMasta.Installer.Windows.exe,ohhsodead/FileMasta,0.4.6.0,1284997,2df178dc775d90b94d6c3c50dcb2b26536d6e1651449021663993ac7e5a2207e,https://github.com/ohhsodead/FileMasta/releases/download/0.4.6.0/FileMasta.Installer.Windows.exe
Flameshot-14.0.0-win64.msi,,,19030016,b3c38680c792410812e787d48ac1825c771fb044380d45789719b9e8373327ea,
Flow-Launcher-Setup.exe,,,101801984,fae25a7c9ea72c51aa7591fe1487b4d1c2d51153e306cbf4c9f87620868bf7e1,
FlyingCarpet_10.0.1_x64_en-US.msi,spieglt/FlyingCarpet,v10.0.0,3805184,16d53df3c3609d6eaa5fa1990549c6a7962bda76a33c6cff9474322c061ef3bb,https://github.com/spieglt/FlyingCarpet/releases/download/v10.0.0/FlyingCarpet_10.0.1_x64_en-US.msi
Frame-x86_64.exe,66HEX/frame,0.33.0,83889877,3bbbe6bbae9f89107e4927d16359118c4ac5438e6f2fa86db06edf07f3c2082b,https://github.com/66HEX/frame/releases/download/0.33.0/Frame-x86_64.exe
Git-2.55.0.4-64-bit.exe,,,65388168,0cbc0b34a74b3aff3ace0910328549155a770e228331b19cb1498218a120e7ff,
GitExtensions-x64-7.2.0.92-501f831.msi,,,26107904,32b9a9997bb36b36d14c9fe06c9a7a521b8234280dc21e19c22db29fcaf0cbbe,
Greenshot-INSTALLER-1.3.315-RELEASE.exe,,,3967064,9bb4971e729a2ad1612e8aa2fa490b69c33af7f42515f9b642c7d0f80f8c0fd3,
HandBrake-1.11.2-x86_64-Win_GUI.exe,,,25331264,6becb8e5a041941d5f2fd6fe83c66fc15b2b16190e2e79f5ad47eb4cd18df8cd,
ImageMagick-7.1.2-29-Q8-x64-static.exe,,,19197792,275fb3921aff59d2d73b6d2e4eea1ba545949c7f1b16f5e8564562b227079d47,
Joplin-Setup-3.6.15.exe,,,246798352,99e0741977f82132a9bf6c6593a57ab9c686a1c8355338d0ac1e1ea622ecc96b,
KeePassXC-2.7.12-Win64.msi,,,35901440,feee096c1d5d0d7bb7b36b18174818f7bac889be7668c550ff0e5ef9206ea9a5,
Koodo-Reader-2.4.3-x64.exe,koodo-reader/koodo-reader,v2.4.3,106947090,bcf9e9192890df139ea392c10e2350201cafa3860fadcbfefbf8fd225dba7ac8,https://github.com/koodo-reader/koodo-reader/releases/download/v2.4.3/Koodo-Reader-2.4.3-x64.exe
KopiaUI-Setup-0.23.1.exe,kopia/kopia,v0.23.1,113267920,a945db629e4456d6616595a9b9fda4bc0407fc02a8d18fbce8f7f89390307c13,https://github.com/kopia/kopia/releases/download/v0.23.1/KopiaUI-Setup-0.23.1.exe
LANShare_1.2.1_setup-win64.exe,abdularis/LAN-Share,1.2.1,6243729,068c1c3917cf56f0e91ac4c57978ebe1cd94c7f119f03b538ebb3e08f76f0416,https://github.com/abdularis/LAN-Share/releases/download/1.2.1/LANShare_1.2.1_setup-win64.exe
Lapce-windows.msi,lapce/lapce,v0.4.6,20393984,1c80a3fbeaafa6577d01b9072ea043c3e1d98d2e7bad774d399fa711de8b736b,https://github.com/lapce/lapce/releases/download/v0.4.6/Lapce-windows.msi
LibreCAD-v2.2.1.5-win64-msvc.exe,,,54350692,738912fea40aca934689444af9c5cd281572417983cc081c204fe6c779f6941d,
Lidarr.master.3.1.0.4875.windows-core-x64-installer.exe,,,76657132,ae5938cf752eaa409591fb280663fe5d5ce976a0ff404874f420b849d9c80b90,
LightBulb-Installer.win-x64.exe,,,35950246,d3e019e8471e459983c01b23b0b6e07e7af309146a2e1f9337a8189116c06e51,
LiteXL-v2.1.8-x86_64-setup.exe,lite-xl/lite-xl,v2.1.8,3635060,d4633e06f4145ef8ede7438d42b856b822cd5aa23a4ce9d80839111c8d1479f3,https://github.com/lite-xl/lite-xl/releases/download/v2.1.8/LiteXL-v2.1.8-x86_64-setup.exe
Logseq-win-x64-2.0.1-nsis.exe,,,141469064,01c98d98aa9895027de3fe2f698c3d042b8cc6256504e94eca119bfaaacca88f,
MailspringSetup.exe,,,214368072,0b4e511fe881f8202cc75f0c461c7bdc666f8d87b25dae6137740384e2e00f76,
MuseScore-Studio-4.7.4.260706075-x86_64.msi,,,127807488,64fe70e5cb9ffe159d047d1e88db567bd101f60d36b0de28feb674716929a378,
MusicFree-0.0.8-win32-x64-legacy-setup.exe,maotoumao/MusicFreeDesktop,v0.0.8,88017475,91671757471a08addd3bbcb06feefce9434cda5de3f9501e40762be91e9525cb,https://github.com/maotoumao/MusicFreeDesktop/releases/download/v0.0.8/MusicFree-0.0.8-win32-x64-legacy-setup.exe
Namida-x86_64-6.0.1-Installer.exe,namidaco/namida,v6.0.1,52797818,c059fbf1b754f8b4ba13d05151428629fc5aff43c5ac3ad71edfcb4b55a8c90f,https://github.com/namidaco/namida/releases/download/v6.0.1/Namida-x86_64-6.0.1-Installer.exe
NotepadNext-v0.14-Installer.exe,,,10877082,bd344d08c8cf0f6b6fc1d393b8d28e9f087df67d6e41527f5c9fb1719773e212,
Nuclear_1.47.1_x64-setup.exe,nukeop/nuclear,player@1.47.1,14689116,99c8099809150c37f15ca58415a76d5d8a37216462958c6bfc8f0bff6a29d1e9,https://github.com/nukeop/nuclear/releases/download/player%401.47.1/Nuclear_1.47.1_x64-setup.exe
OBS-Studio-32.2.2-Windows-x64-Installer.exe,,,159809104,c3a0b880adbe64dc4bcb68f93016916ab5b55ae43fd227115287bf80257d92dc,
OmniSearch_0.1.16_x64-setup.exe,Eul45/omni-search,v0.1.16,5346632,8b2fd4237ffd5c6b1b1cdc7ad15f9b3f714b3fd6ca3868046fd31a8bcf8e0500,https://github.com/Eul45/omni-search/releases/download/v0.1.16/OmniSearch_0.1.16_x64-setup.exe
Oni-0.3.9-ia32-win.exe,onivim/oni,v0.3.9,87777819,6a3ee3d4d1df9c35af30073977ad44365637fb930969920b0554e7cf874bbae4,https://github.com/onivim/oni/releases/download/v0.3.9/Oni-0.3.9-ia32-win.exe
Onlook-setup.exe,onlook-dev/onlook,v0.2.32,175923592,88ce6b5ec85fb971c65b2403f984cf20d1647c3a6f3501c31b125fd9d1753656,https://github.com/onlook-dev/onlook/releases/download/v0.2.32/Onlook-setup.exe
OpenRCT2-v0.5.4-windows-installer-x64.exe,,,79441744,32e635854e028b365a28ebef879fa8fa2bdf2e5bf238f094f89da813b6b02620,
OpenSCAD-2021.01-x86-32-Installer.exe,,,20334978,d535278e0bc5ceb18c1caabdc2dc81075603eac58faa13cf097462c7465c128a,
OpenSSH-Win64-v10.0.0.0.msi,,,6586368,ddec9c53864280759cf9f74791cefd387100e3946aa849a1c138a4ed1b96b7d9,
PCSX2-v2.6.3-windows-x64-installer.exe,,,52805809,1f022c5fd36fcf968edbf311eb4b87f84988f526d8fe3babda8e07a3dce38171,
Picocrypt.exe,Picocrypt/Picocrypt,1.49,2679296,81bbdffb92181a11692ec6651cc1831483ec6041266eb12eba9c71200248a8c4,https://github.com/Picocrypt/Picocrypt/releases/download/1.49/Picocrypt.exe
Picturama.Setup.1.3.1.exe,picturama/picturama,v1.3.0,75185061,a121fdcf14bb772b6d77452bc5c4cd220224ac8c15714ffa656e588c474ed748,https://github.com/picturama/picturama/releases/download/v1.3.0/Picturama.Setup.1.3.1.exe
PowerShell-7.6.5-win-x64.msi,,,113750016,3a87c24e044ec792047d734c841917ee4323a535e25f645ae6c33141a35fca8d,
Prowlarr.master.2.5.2.5491.windows-core-x64-installer.exe,,,75883913,6919356874dcff36d25a65fe204409bf069a31c6ad9f6366e47b20551427375b,
QuickLook-4.5.0.exe,,,64748544,bd04bfffc53abd624a700bb609df7b2beaefee2b7ac848e3f77e80d1a61418f8,
Radarr.master.6.3.0.10514.windows-core-x64-installer.exe,,,82120031,6a7a3ede0e49918024caac63633177ec9634a2eb3dc27dbf0c66828684e8e204,
Readest_0.12.1_x64-setup.exe,readest/readest,v0.12.1,63378433,f759ab19dcc1be5df734d84fae7c71de9321fe9bf50dfcf35c91015f6b0a1dcc,https://github.com/readest/readest/releases/download/v0.12.1/Readest_0.12.1_x64-setup.exe
RevitBatchProcessorSetup_v1.12.1.exe,bvn-architecture/RevitBatchProcessor,v1.12.1,58995941,74ff2c36948c0673c71909a38500b5ea85090473a6ff7dcf6cbb5a7fae3cb47c,https://github.com/bvn-architecture/RevitBatchProcessor/releases/download/v1.12.1/RevitBatchProcessorSetup_v1.12.1.exe
SABnzbd-5.1.0-win-setup.exe,,,23990488,045a00237803083d4c9854eb2b8a4d9a216657235ab383bec4fcf731103148a7,
SPlayer-3.1.1-x64-setup.exe,SPlayer-Dev/SPlayer,v3.1.1,130907638,8a3ae251c4d3ea1e612c6afd659f2e4ff08122b8e377280edfc3e60cce3b77b1,https://github.com/SPlayer-Dev/SPlayer/releases/download/v3.1.1/SPlayer-3.1.1-x64-setup.exe
ScreenToGif.2.43.2.Light.Setup.x64.msi,,,7426048,37aa0a58daeafbb068ed5039d93892399a25568610b63b7d1e6c3f007d10b8cc,
Setup-PicView-v5.0.4-win-x64.exe,Ruben2776/PicView,5.0.4,29821272,32fb7eb4534942a1f958de4914eeb79d87d9dd7686e4df5361277bf85922c3b5,https://github.com/Ruben2776/PicView/releases/download/5.0.4/Setup-PicView-v5.0.4-win-x64.exe
ShareX-21.0.0-setup-x64.exe,,,139151207,f213aca04d30e0e2dc7c43bc79acae8622be291cee6014a90962ed87ea5f10cc,
Sigma-File-Manager-2.2.0-windows-setup.exe,aleksey-hoffman/sigma-file-manager,v2.2.0,15770708,1deb6a2672e5c98f3160f8b626afb2ae178c37a8b42a543c73a30e75c467ceeb,https://github.com/aleksey-hoffman/sigma-file-manager/releases/download/v2.2.0/Sigma-File-Manager-2.2.0-windows-setup.exe
Simplenote-win-2.27.1-x64.exe,,,108244520,769f6df020a30f7a298d1aa062719c70f18a26bfe2473a6a6459ff7ca53feb08,
Sonarr.main.4.0.19.2979.win-x64-installer.exe,,,76030423,a154132c26fd437b2a9b9d983f62dd62398f8601e6428f1655fc83ec510075dd,
Spacedrive-windows-x86_64.msi,spacedriveapp/spacedrive,0.4.3,91103232,0238532f899fdd152e15508aa72f512c3b41faf58be7600a625737fcfce999e8,https://github.com/spacedriveapp/spacedrive/releases/download/0.4.3/Spacedrive-windows-x86_64.msi
Spotube-windows-x86_64-setup.exe,KRTirtho/spotube,v5.1.2,38294732,e5641f3841ec724fcb5e00a22d980f410ee507fdd00669b86db0c29f9b741162,https://github.com/KRTirtho/spotube/releases/download/v5.1.2/Spotube-windows-x86_64-setup.exe
SubtitleEdit-Windows-x64-Setup.exe,,,55472836,7d7f7dc728d8ef69b2a23a9d237119f4fe18d22ad386121e8649182eedc4fe40,
Sync-in-Desktop-2.2.1-x64.exe,Sync-in/desktop,v2.2.1,109584040,d77a6e2d1262073830a7bb5e5d935ba8cf18d9234942635e6ff042c718951f43,https://github.com/Sync-in/desktop/releases/download/v2.2.1/Sync-in-Desktop-2.2.1-x64.exe
SyncTrayzorSetup-x64.exe,,,68757688,bd9631c18b6b0bede73fdb80481784d2e21820e9dbb1d3d7f1b98b5d89745209,
TaskbarMonitorInstaller.exe,leandrosa81/taskbar-monitor,v0.5.4,3046912,57c9f80875a080b49a778e3244f93cf214140818afe3174a5147c0ef7a24a3e1,https://github.com/leandrosa81/taskbar-monitor/releases/download/v0.5.4/TaskbarMonitorInstaller.exe
Tautulli-windows-v2.17.2-x64.exe,,,32086950,6a1c374ee1e8d72b2b066fde3a9ae78378266c486b62f8d503d3817827888e4b,
TreeMap.3.1.0.exe,Prithvi-Web/TreeMap-Disk-Visualizer,v3.1.0,104995481,427784024d73bb197e25cc82a1c33ae0e61eee3f48ceb1f3862e91b7cd839218,https://github.com/Prithvi-Web/TreeMap-Disk-Visualizer/releases/download/v3.1.0/TreeMap.3.1.0.exe
Umi-OCR_Rapid_v2.1.5.7z.exe,hiroi-sora/Umi-OCR,v2.1.5,103369422,659c55896c32a5e019dc7bde1713d0e5c73186a2c653bed84c4480fa1795b722,https://github.com/hiroi-sora/Umi-OCR/releases/download/v2.1.5/Umi-OCR_Rapid_v2.1.5.7z.exe
VSCodiumSetup-x64-1.126.04524.exe,,,160892288,7b378893e2b3b9a2504eae848f19a6544e475519fd791c32459a42bb0601f5fe,
VeraCrypt_Setup_x64_1.26.29.msi,,,52789248,5ba6426983123cfb92bc1f09bd888fdbc0f53f300d0d9c5da52ce3aee8d474f0,
WinMerge-2.16.58-x64-PerUser-Setup.exe,,,17162208,7f899b7853af1504bfafcfc7d610851577aeab3198fad0e95528f94af74a73ec,
YesPlayMusic-0.4.10.exe,qier222/YesPlayMusic,v0.4.10,58056445,00fb21baab7233f38c93f6dec4ead72472b62f81a6798bfaa0c5f7c0c8558e32,https://github.com/qier222/YesPlayMusic/releases/download/v0.4.10/YesPlayMusic-0.4.10.exe
YouTube-Music-Web-Setup-3.12.0.exe,pear-devs/pear-desktop,v3.12.0,681336,b8edd18bec9791aa9068c6a2baa74346437fa1eb7587393325a6473c00442c71,https://github.com/pear-devs/pear-desktop/releases/download/v3.12.0/YouTube-Music-Web-Setup-3.12.0.exe
YouTube.Music.Desktop.App-2.0.11.Setup.exe,ytmdesktop/ytmdesktop,v2.0.11,137537024,2ae04db2e1b95bfeeed5e2ffbfd58ce1d5eb3b35711c8d92a8547a09d53c671d,https://github.com/ytmdesktop/ytmdesktop/releases/download/v2.0.11/YouTube.Music.Desktop.App-2.0.11.Setup.exe
Zed-x86_64.exe,zed-industries/zed,v1.15.0,92382528,cfb4a1d9dd2e7959c4ebe29bb7436487a8766c4c3e086111fde5bb6fcf19766c,https://github.com/zed-industries/zed/releases/download/v1.15.0/Zed-x86_64.exe
Zettlr-4.7.0-x64.exe,,,152301624,70354eaeeaea7d0592eed91e030a35461cbb3ec73165d96bfde8a9423b43330c,
arduino-ide_2.3.10_Windows_64bit.exe,,,158074632,a8f3df0ac57c6b74aa1b1d22e5f202dc5ddb46663579d4e5108a69cc99b6f823,
audacity-win-3.7.8-64bit.exe,,,20400664,4a6d77f023c0209a396fcf2f3c7c04e240b6ba9897b3231a6ed18e14c10caa16,
batch-shipyard-3.9.1-cli-win-amd64.exe,Azure/batch-shipyard,3.9.1,25374936,e8c8de4018ae3ef876f2781edb36af93e6de948a84cf1b0050425261a5350141,https://github.com/Azure/batch-shipyard/releases/download/3.9.1/batch-shipyard-3.9.1-cli-win-amd64.exe
bewCloud.Desktop.Sync_0.0.5_x64.exe,bewcloud/bewcloud-desktop,v0.0.5,3464801,27fd73b8691a1fc8407dc93866becf2ece69d15c3efa9edaffb44c7e4c0d9b46,https://github.com/bewcloud/bewcloud-desktop/releases/download/v0.0.5/bewCloud.Desktop.Sync_0.0.5_x64.exe
bita-v0.14.0-x86_64-pc-windows-msvc.exe,oll3/bita,v0.14.0,7805952,4a7e6a40cce0ce7e917a412483e6733ab3050c72429d4f2ecdf33cb40ffa8bef,https://github.com/oll3/bita/releases/download/v0.14.0/bita-v0.14.0-x86_64-pc-windows-msvc.exe
brook_windows_amd64.exe,txthinking/brook,v20260101.0,31089664,ce8459f83dfd4384be00b980a3d0a8f753fd058b8bbe3775b97a1daaa27472d2,https://github.com/txthinking/brook/releases/download/v20260101.0/brook_windows_amd64.exe
caesium-image-compressor-2.8.5-win-setup.exe,Lymphatus/caesium-image-compressor,v2.8.5,22187863,ad8f3666fe79a9dbcade28c065abcc89e73082a678652a9b17a3b23016df8498,https://github.com/Lymphatus/caesium-image-compressor/releases/download/v2.8.5/caesium-image-compressor-2.8.5-win-setup.exe
calibre-64bit-9.13.0.msi,,,223285248,f5f19e870163c20ec63a656d6f5d0c123e07c4254899380ebeec51b00766e615,
clink.1.9.31.8c8e92_setup.exe,,,2855608,6f3a92048c66804bb47d904907126d54abdb9b6d62798e944ca6bc328cac3c46,
coder_2.35.3_windows_amd64_installer.exe,coder/coder,v2.35.3,162613712,1233f6c1c240c290faed1d08825808bd4ef5d006b752e6c5a7336c64fa5c1d08,https://github.com/coder/coder/releases/download/v2.35.3/coder_2.35.3_windows_amd64_installer.exe
copyq-16.0.0-setup.exe,,,19241128,f271a1467589ca55cd56d1faf727a4bc34e686b4965ac742854a93be4b186f82,
dn-win.exe,DO-SAY-GO/tdf,v4.5.2,96625936,8543bdf746394c4c12527b05f9c2a62491854f8a22491f607ca5b730011a3b6f,https://github.com/DO-SAY-GO/tdf/releases/download/v4.5.2/dn-win.exe
doublecmd-1.2.8.x86_64-win64.exe,doublecmd/doublecmd,v1.2.8,10637065,975df890e20706185ae140f6b9e3ad63c53230a64dd9742339ef9bfbb5f52b81,https://github.com/doublecmd/doublecmd/releases/download/v1.2.8/doublecmd-1.2.8.x86_64-win64.exe
draw.io-ia32-31.1.8-windows-32bit-installer.exe,,,131582792,3a1b264989a112c51f546ed07d4219541f2522573dcbab27973842fdf3b8f9b4,
duplicati-2.3.0.4_stable_2026-07-09-win-x64-agent.msi,duplicati/duplicati,v2.3.0.4_stable_2026-07-09,84055552,a6fa0865ca7d3e4f94a6db30c7974a0bae8ec7d3586c28ca889a73ff390dba4e,https://github.com/duplicati/duplicati/releases/download/v2.3.0.4_stable_2026-07-09/duplicati-2.3.0.4_stable_2026-07-09-win-x64-agent.msi
extract.exe,wattostudios/GameExtractor,v3.16.0008,149295091,a0bf7ce9b0ce59f0e1c6f57a14b859e2f05235a08ba8a5ee5351b106a06648eb,https://github.com/wattostudios/GameExtractor/releases/download/v3.16.0008/extract.exe
fluxy_0.1.17_x64-setup.exe,alley-rs/fluxy,v0.1.17,2229876,f369b46fca9da1653af513c4b07c6d926582897b0e402f2c8c306df32be44e2e,https://github.com/alley-rs/fluxy/releases/download/v0.1.17/fluxy_0.1.17_x64-setup.exe
fresh-gui-x86_64-pc-windows-msvc.exe,sinelaw/fresh,v0.4.9,39597568,d960cee1ef5535379ae0cd73d4e00c7bf4f91e78ecbaa1fa210275c19e35dcfa,https://github.com/sinelaw/fresh/releases/download/v0.4.9/fresh-gui-x86_64-pc-windows-msvc.exe
gcm-win-x64-2.9.1.exe,,,9558752,295910ed2a6a6de0818929c7f856f067ee26422571f9af51468835bb675e9577,
geany-2.1_setup.exe,geany/geany,2.1.0,28220816,50c7835b31bc736d0b5e5f894aa8ec08a95185873fb64d29a95727d2859107d8,https://github.com/geany/geany/releases/download/2.1.0/geany-2.1_setup.exe
gh_2.97.0_windows_amd64.msi,,,15183872,942865de5f19c42fdae32b77988f8d68e72ff78deef26b93d970b494bc2c7e87,
gimp-plugin-bimp_win32.exe,alessandrofrancesconi/gimp-plugin-bimp,v2.6,447172,78ab7f5f2ab1101f8f901f6abe6823e14bef3fdfed4bbb5e9a18c1a1fce8e481,https://github.com/alessandrofrancesconi/gimp-plugin-bimp/releases/download/v2.6/gimp-plugin-bimp_win32.exe
gonc_windows_amd64.exe,threatexpert/gonc,v2.6.9,13033472,a836238b19cc072909c325738cab7d6fae6745a1ede135dbee1be22a173a9b8c,https://github.com/threatexpert/gonc/releases/download/v2.6.9/gonc_windows_amd64.exe
graphql-playground-electron-setup-1.8.10.exe,graphql/graphql-playground,v1.8.10,55091898,52e6525f43c6f5679fd147ef346a84c7d4643106966e4b0ef6173e304ccac008,https://github.com/graphql/graphql-playground/releases/download/v1.8.10/graphql-playground-electron-setup-1.8.10.exe
grepWin-2.1.12-x64.msi,,,1978368,e70cbcc64c966d333940779bf4c5a041bfd9d093a47bb48b48933033ee76fdfc,
gs10071w32.exe,,,53031928,2dc44e339e2a50d96827e199a234713604ac04a5cec2e07bd452cc92e8d6f81b,
gsudo.setup.x64.msi,,,2002944,a0049fd974f1a1e7e133ec31fbd420843e75d49459391ec343b6e7883bfcb895,
gvim_9.2.0958_x64.exe,,,12328354,3bdede611004fef492685a2bbdc97d4c6d31a81be54d8e6392d9e027bb490afa,
imessage-exporter-x86_64-pc-windows-gnu.exe,ReagentX/imessage-exporter,4.2.0,4647178,fd6005e5a98e54fc37201d39550c74e9f6ca9f31c1544408ab5618681608a68a,https://github.com/ReagentX/imessage-exporter/releases/download/4.2.0/imessage-exporter-x86_64-pc-windows-gnu.exe
lepton.exe,dropbox/lepton,1.2,772096,71d927dd15c4756b42fc8bb2349b2c2b5681b052f43dd826c211583710b2707b,https://github.com/dropbox/lepton/releases/download/1.2/lepton.exe
librevault_v0.1.17.exe,librevault/librevault,v0.1.17,45858328,9bf0748e248a93cf3e1a42e6bdcc9cfba41fa5247cf78331561df8f72fea1d7c,https://github.com/librevault/librevault/releases/download/v0.1.17/librevault_v0.1.17.exe
listen1_2.33.0_win_x64.exe,listen1/listen1_desktop,v2.33.0,81316949,fb88e4ecb8c3bd31781da0b396bd8b91e5ad04f7a0e73f95ae4eac0a3a7a9ff2,https://github.com/listen1/listen1_desktop/releases/download/v2.33.0/listen1_2.33.0_win_x64.exe
lx-music-desktop-v2.12.2-win7_x64-Setup.exe,lyswhut/lx-music-desktop,v2.12.2,79507152,d811dc140e8837f0337b1284030ee5fc01e62b0e890e7cb4f286604cdfa4c676,https://github.com/lyswhut/lx-music-desktop/releases/download/v2.12.2/lx-music-desktop-v2.12.2-win7_x64-Setup.exe
mRemoteNG-Installer-1.76.20.24615.msi,,,43593728,2c4d1efb90124f885215f88304c9ecc8bbeecc9cca285f6d17baae43b49f6227,
marktext-win-x64-0.19.1-setup.exe,,,110831845,0de6c0aa854728f3e5c21d74b4138f0a515d70cd80921eb3aed6b8e975838a2f,
meilisearch-windows-amd64.exe,meilisearch/meilisearch,v1.53.1,128611840,1c242ec430f222346c26eb0971bea5d70f748d5ed10cd7b1c40fb00df51aca86,https://github.com/meilisearch/meilisearch/releases/download/v1.53.1/meilisearch-windows-amd64.exe
mpv.net-v7.1.2.0-setup-x64.exe,mpvnet-player/mpv.net,v7.1.2.0,38021649,d9ad12a9bc007576506eb632bef0d79389eb0c25d113ab4e22dcb75e386b81d7,https://github.com/mpvnet-player/mpv.net/releases/download/v7.1.2.0/mpv.net-v7.1.2.0-setup-x64.exe
mumble_server-1.5.915.x64.exe,,,40758000,6f249951a67bc54ab9292364b84eb1bc8c8a2f2f4a9e10e63034c86fc7e73119,
novelwriter-26.1.2-amd64-setup.exe,vkbo/novelWriter,v26.1.2,104104688,eb7638b749b012c611e3be1076333a00bdbf2079b795cf93b880ef3f829c976d,https://github.com/vkbo/novelWriter/releases/download/v26.1.2/novelwriter-26.1.2-amd64-setup.exe
npp.8.9.7.Installer.x64.exe,,,6933184,1884e093bae261c4942210334e1f2eae71354913e4ded3cc1a4a18c5320741ec,
nvim-win64.msi,,,12451900,37985e9d393f45e478ba704e2dcd631db1df28b3addbd99d0263413a5f64a0ce,
nvm-setup.exe,,,5612296,2d5ad523aa6182205da77c0eb8210638aaa8792f4e6a4bc12e1ac854c5455a68,
opencv-5.0.0-windows.exe,opencv/opencv,5.0.0,195273354,9c6c1fcea58acdf06edba13148b2246e00c2658143fa51e61ecd370db8c39f63,https://github.com/opencv/opencv/releases/download/5.0.0/opencv-5.0.0-windows.exe
orca-windows-setup.exe,stablyai/orca,v1.4.184,187657232,7765f7f085d04b7fe662ec664825fedd81427dd586023f945182a46e0a0cf5be,https://github.com/stablyai/orca/releases/download/v1.4.184/orca-windows-setup.exe
pdu-x86_64-pc-windows-msvc.exe,KSXGitHub/parallel-disk-usage,0.24.0,1464320,1133cde2e4cf3448b5fa6facd2883391d88957057da625a5ab910e7d7c15c36e,https://github.com/KSXGitHub/parallel-disk-usage/releases/download/0.24.0/pdu-x86_64-pc-windows-msvc.exe
peazip-11.2.0.WIN64.exe,,,11410556,dcbfda9ceecd1f776cba0b68fd1139444e699372d80578f56e15cbed3f88651d,
podcast-dl-12.1.4-win-x64.exe,lightpohl/podcast-dl,v12.1.4,43809643,6060b2c1d0513855248bdd8b8e1f9278e6417d5f6e3c4e88414851e576e2c959,https://github.com/lightpohl/podcast-dl/releases/download/v12.1.4/podcast-dl-12.1.4-win-x64.exe
qbittorrent_5.2.3_x64_setup.exe,,,43100219,ff508e2f912d59c9eabaf03633ebacfd45c2049f38dcac027b8a7d7ad867ab2f,
qutebrowser-3.7.0-amd64.exe,,,152490704,8956c0614fcea863730559109e9787ccce37034d72a7faf954945361e58ec48d,
rembg-cli-cpu-installer.exe,danielgatis/rembg,v2.0.80,118802831,9a53b0f5415d153dfd64f022b3731d02b9e4e87bc0093ef96682e7ead895f52b,https://github.com/danielgatis/rembg/releases/download/v2.0.80/rembg-cli-cpu-installer.exe
rememory-windows-amd64.exe,eljojo/rememory,v0.0.21,65044480,416037f3de4ac24939b1b9eb5b5fccacaa84c29f79ec5afda1e006911dea26e0,https://github.com/eljojo/rememory/releases/download/v0.0.21/rememory-windows-amd64.exe
rocketchat-4.16.0-win-x64.exe,,,116692856,8ce01874553da96add5631b25be10bb9968ef67da7ce8832bbabe2da60159e87,
rufus-4.15_x86.exe,,,1933672,20e1345715aff4aebf016839f721390882201a2b5d00655424c4ca38cb919576,
rustdesk-1.4.9-x86-sciter.exe,,,11951472,28e89fc56598978799b87b3d177464a112da174fceb61512919c514a7e90ea20,
sbstck-dl-win-amd64.exe,alexferrari88/sbstck-dl,v0.7,13561344,e0852f32ffb77db7ce97ae81ae50acc1bf2f51729735bb3686b7d76a156dda7c,https://github.com/alexferrari88/sbstck-dl/releases/download/v0.7/sbstck-dl-win-amd64.exe
siyuan-3.8.1-win.exe,,,204769168,50df27aa899491323035aee59b2b9b55df174e13b8dc3694f7c46d7f82770787,
standard-notes-3.201.21-win-x64.exe,,,121456368,da034509c6fbfdd05f0ad7c4106ba7d8e562cca680486af7edcbcc1ab81f148e,
systeminformer-3.2.25011-release-setup.exe,,,23750192,7612d5e44a5a392ab9f0d1b5b8a79bda3cdbe19848e8ee9ec23909aaf3daad45,
transmission-4.1.3-qt5-x64.msi,,,19869696,782040475407a22a9f4efa4140046da22281310744b6c7ed1b3f7b8db14c5a63,
tsetup-x64.7.0.9.exe,,,54500848,ad3cb06ad5444b5c599ba3b4023974e1da7630cd392b7e6fc9b6e6fed1e7e404,
ungoogled-chromium_151.0.7922.137-1.1_installer_x64.exe,,,126702592,8a396ed3b09057a14d87b8d7f5764f3f1d5096f14cd87170aebfb954d6270d1a,
walk_windows_amd64.exe,antonmedv/walk,v1.13.0,12355584,ca1cc15e0a7e57799bb22f5307a1546662c6ad1e8dcf9831df0ad1f2a4c6e242,https://github.com/antonmedv/walk/releases/download/v1.13.0/walk_windows_amd64.exe
work_crawler-Setup-2.13.0.exe,kanasimi/work_crawler,v2.13.0,123693886,bce4558bbcf695ae30e4f24f3eddc2c14440ab176d453e642581ec83159556bd,https://github.com/kanasimi/work_crawler/releases/download/v2.13.0/work_crawler-Setup-2.13.0.exe
wormhole-william-windows-amd64.exe,psanford/wormhole-william,v1.0.8,14108160,3070dfb895630fc01b4deabeffc3574681bb63f1dbd82f959aa663a6e09891fe,https://github.com/psanford/wormhole-william/releases/download/v1.0.8/wormhole-william-windows-amd64.exe
wox-windows-amd64.exe,,,81637680,bd4c0d29b6b81b58dddf36d4770088459c06d1270d1ce150bba0598464f87446,
xdm-setup.msi,subhra74/xdm,7.2.11,56131411,dce85ee5d7d38894c7dc2b4042d94dc087814dbbdb00d0995149a5ecc481d25c,https://github.com/subhra74/xdm/releases/download/7.2.11/xdm-setup.msi
xl-converter-win-1.2.3-x86_64.exe,JacobDev1/xl-converter,v1.2.3,62563214,b7ebc44f49d7534835c02743fdad18fda4962eac4a33953b16685b9ec40cfcce,https://github.com/JacobDev1/xl-converter/releases/download/v1.2.3/xl-converter-win-1.2.3-x86_64.exe
xournalpp-1.3.7-windows-setup-AMD64.exe,xournalpp/xournalpp,v1.3.7,96945338,603dd64187ff6f0029c4acc3eea175a67aa9cc202ca0e749ad12fa70e5b3262a,https://github.com/xournalpp/xournalpp/releases/download/v1.3.7/xournalpp-1.3.7-windows-setup-AMD64.exe
